1359,119,7.8
1359,20,7.8
1359,399,4.9
1358,20,7.1
1361,119,4.6
1359,399,2.1
1361,399,5
1361,476,5
1361,264,3.6
1358,399,5
1361,264,4.6
1239,399,2.1
1251,399,4.6
1231,399,2.1
1231,20,2.1
1240,399,2.1
1248,399,2.1
1248,264,2.1
1440,399,2.1
1253,264,4.6
1440,264,5
1253,264,5
1254,399,4.9
1231,399,6.6
1440,399,4.9
1247,200,4.9
1440,189,7.8
1255,399,4.9
1361,189,6.9
1258,362,4.7
1257,399,5
1361,20,4.9
1256,119,10
1419,20,4.9
1261,264,3.6
1440,399,4.9
1361,20,4.9
1361,119,9
1361,20,7.8
1267,399,4.6
1266,399,5
1440,399,7.8
1360,399,4.9
1446,399,4.9
1440,264,7.5
1239,399,4.6
1440,399,2.1
1361,17,1.2
1231,189,4
1440,119,7.5
1275,399,7.5
1279,399,7.8
1269,362,6.9
1360,119,6.9
1277,399,4.4
1440,119,4.9
1360,399,4.9
1286,20,4.7
1418,20,7.8
1291,189,2.1
1240,399,4.9
1294,119,4.6
1255,16,5
1440,189,7.8
1287,20,4.9
1293,264,4.4
1288,200,1.9
1296,399,6
1235,310,6.8
1293,20,7.8
1229,264,7.2
1298,189,7.1
1418,59,6.9
1238,264,4.9
1361,399,4
1272,399,4.9
1422,399,7.8
1301,119,6.8
1303,189,7.2
1300,119,6.9
1300,119,7.2
1440,16,2.1
1300,200,7.2
1300,264,2.1
1361,399,7.8
1360,399,4.7
1297,399,7.2
1430,20,2.1
1430,20,2.1
1240,59,4.4
1289,119,7.8
1360,200,4.9
1306,94,7.2
1292,20,2.1
1440,362,6.9
1360,399,4.9
216,119,4.1
1361,94,6.9
1309,399,7.2
2318,94,7.5
1310,399,7.8
1299,264,3.6
1278,189,7.2
1360,362,4.7
1311,20,4.9
1361,20,7.8
1361,20,7.2
1440,189,4.9
1361,264,6.9
514,20,5
514,20,7.8
1361,399,4.9
1228,119,7.2
1361,189,6.6
1361,399,4.9
1314,189,7.1
1361,119,10
1315,264,7.2
1315,189,7.8
1284,264,4.6
1317,264,2.1
1361,399,4.9
1361,189,4.9
987,200,4
1314,399,4.9
1304,399,4.7
1316,264,4.9
1315,119,7.2
1312,119,9.3
1228,200,4.7
1293,264,4.6
1296,399,4.9
1230,362,4
1233,119,8.3
1317,20,4.9
1228,200,4.7
1318,264,4.6
1228,287,7.8
1318,20,7.8
1324,119,7.8
1324,20,7.8
1324,119,7.8
1320,399,7.8
1322,399,4.9
1360,119,10
1442,362,6.9
1447,399,4.9
1451,119,4.9
1322,399,1.9
1324,189,4.7
1324,119,7.2
1308,399,4.9
1307,399,4.9
1305,264,7.2
1324,264,2.1
1324,20,7.2
1325,399,4.9
1319,119,10
1324,399,4.9
1325,189,4.9
1327,119,4.9
1360,264,2.1
1360,264,2.1
1328,20,4.9
1328,20,4.9
1328,399,4.9
1328,20,4.9
1329,189,4.9
1440,264,3.6
1228,264,3.6
1327,20,4.7
1360,399,4.7
1326,399,4.7
1360,16,4.9
1358,16,4.4
1360,264,4.9
1360,16,4.9
1332,189,5
1463,119,7.8
1299,20,4.9
1360,264,4.4
1323,264,4.6
1455,362,4.9
1198,119,7.8
1462,119,7.8
1360,362,6.9
1360,264,4.4
1360,119,7.1
1360,264,4.4
1425,16,7.2
1334,119,6.9
1360,20,4.9
1423,362,1.9
1360,20,4.9
1198,119,6.9
1360,119,6.9
1335,189,7.2
1336,200,2.1
1198,119,7.2
1360,119,7.2
1198,119,7.2
1198,119,7.2
1198,399,7.8
1360,264,7.8
1198,399,7.1
1360,189,4.9
1358,200,4.9
1360,200,4.9
1360,200,4.9
1360,399,4.9
1431,200,4.9
1420,119,4.9
1360,310,7.8
1360,119,7.8
1272,264,4.6
1333,399,7.2
1198,362,6.9
1272,264,1.9
1438,200,4.9
1358,399,7.8
1360,20,4.9
1360,287,7.8
1198,310,4.6
1360,189,7.2
1360,20,4.9
1360,264,7.1
1198,264,7.2
1434,399,7.8
1360,399,4.9
1313,264,6.6
1360,264,6.6
1198,119,7.2
1360,119,7.2
1339,119,7.8
1360,399,4.9
1360,362,7.1
1360,20,7.8
1360,264,7.2
1360,399,4.7
1360,399,7.2
1272,20,7.8
1360,189,7.1
1360,399,7.1
1360,362,4.7
1360,264,2.1
1299,399,7.8
1418,264,6.5
1199,16,6.8
1198,399,4.9
1360,20,4.9
1360,399,4.7
1312,20,7.8
1360,399,4.7
1341,119,7.1
1360,189,7.1
1360,399,7.8
1360,264,6.9
1360,20,7.1
1277,399,7.1
1272,399,4.9
1360,362,1.9
1340,264,1.9
1360,119,5
1360,399,2.1
1339,200,2.1
1360,264,4.6
1360,264,1.9
1360,264,4.6
1440,20,1.9
1346,94,7.2
1360,20,7.8
1360,189,7.2
1360,119,7.2
1360,20,10
1360,119,10
1360,264,6.3
1360,189,4.7
1360,362,6.9
1360,189,7.2
1360,200,1.9
1272,399,4.9
1360,399,2.1
1360,200,7.9
1360,20,2.1
1440,399,4.9
1360,189,3.3
1360,189,7.2
1360,20,7.2
1360,20,6.2
1360,189,4.7
1360,189,4.9
1360,399,2.1
1360,399,4.9
1360,119,7.2
1360,119,7.2
1360,200,4.9
1360,200,2.1
1360,200,4.9
1360,189,1.9
1360,189,6.6
1360,189,4.7
1360,264,4
1360,399,2.1
1360,399,4.6
1360,20,8.3
1360,119,6.9
1360,399,4.7
1360,264,4.9
1360,399,4.9
1360,189,6.9
1360,200,2.1
1418,189,7.2
1360,399,7.8
1360,119,4
1360,200,1.9
1360,200,1.9
1360,200,1.9
1360,399,4.9
1360,200,1.9
1360,20,7.2
1360,200,1.9
1360,200,1.9
1360,200,1.9
1360,200,1.9
1360,200,1.9
1360,200,1.9
1360,200,1.9
1360,200,1.9
1360,200,1.9
1360,200,1.9
1360,200,1.9
1360,200,1.9
1360,189,6
1360,200,2.1
1360,189,6.9
1272,399,4.9
1360,189,4.7
1360,399,4.7
1360,189,7.8
1360,189,4.9
1360,399,4.9
1345,189,4.9
1360,399,4.9
1360,362,4.7
1360,399,4.9
1349,399,4.9
1440,399,6.1
1360,20,4.9
1360,264,6.2
1360,399,7.1
1360,264,2.1
1360,264,6.9
1344,200,1.9
1448,362,7.1
1360,119,6.9
1360,189,2.1
1418,200,5
1360,200,2.1
1360,189,6.9
1349,119,4.6
1440,200,1.2
1440,119,6.2
1360,399,4.7
1440,399,6.1
1349,264,1.9
1440,20,2.1
1360,189,6.9
1360,362,5.7
1360,200,2.1
1360,200,2.1
1360,119,6.2
1339,399,5.7
1350,399,4.7
1440,20,2.1
1360,399,4.9
1360,119,4.9
1360,20,4.9
1440,189,7.2
1360,20,6.9
1360,119,7.2
1360,264,2.1
1443,264,3.6
1360,119,1.9
1351,200,1.9
1351,20,5.4
1351,20,2.1
1360,399,4.9
1360,399,4.9
1440,399,4.9
1351,200,2.1
1233,200,2.1
1360,20,2.1
1440,20,6.9
1440,200,2.1
1440,200,2.1
1440,200,2.1
1440,200,5
1351,189,4
1351,119,7.2
1351,399,4.7
1440,189,6.9
1440,20,7.2
1440,119,4.9
1440,20,4.6
1440,189,4.9
1440,20,4.9
2317,399,3.3
2317,264,3.3
1440,189,6.9
1440,189,6.9
1440,399,4.7
1440,20,4.9
1351,189,6.2
1342,362,5.4
1360,189,7.8
1440,119,5.6
1363,264,3.3
1440,20,6.9
1457,119,7.2
1354,362,4
1440,399,7.8
1233,264,2.1
1355,189,2.1
1355,189,2.1
1355,264,2.1
1355,264,7.2
1440,20,4.9
1440,399,4.9
1435,200,1.9
1363,200,2.1
1355,264,2.1
1351,189,4.9
1440,189,8.3
1353,119,7.2
1353,20,4.9
1457,189,4.9
1440,119,4
1440,399,4.9
1444,189,4.9
1440,119,2.1
1363,20,4.9
1440,399,5.7
1363,264,4.9
1363,189,4.9
1363,399,4.9
1426,20,4.9
1363,189,10
1216,189,4.9
1363,119,4.9
1457,119,5.4
1457,20,5.4
1457,20,4.9
1240,119,6.9
1457,264,4
1379,119,4.9
1365,189,4.9
1233,264,2.1
1363,264,4.9
1376,264,4.6
1375,189,4.6
1233,20,2.1
1457,399,7.1
1233,119,7.2
1457,189,4.9
1351,20,7.8
1351,20,6.4
1323,264,7.2
1366,189,4.9
1364,189,7.2
1352,264,6.9
1376,399,4.9
1458,399,7.8
1340,20,4.9
1221,16,4.9
1378,264,4.9
2130,362,3.3
1459,264,5.2
1293,399,5
1384,399,4.9
1222,189,7.1
1387,119,5.2
1382,264,4.9
1380,264,7.2
1367,119,5
1384,399,4
1387,20,7.2
1377,119,6.9
1385,264,1.2
1382,264,7.2
1223,362,4
1380,189,4.6
1383,189,4.9
1383,189,4.9
1386,399,4.9
1387,20,2.1
1380,119,4.7
1387,119,5
1387,119,7.6
1377,189,7.8
1363,200,2.1
1274,399,5.6
1387,362,6.2
1381,287,1.9
1356,362,5.4
1460,20,4.9
1391,399,6.6
1221,362,1.9
1399,200,2.1
1407,264,4.6
1389,189,4.7
1404,310,4
1406,310,4
1394,200,2.1
1394,200,1.9
1394,200,1.9
1394,200,1.9
1394,200,1.9
1394,200,1.9
1394,200,1.9
1394,200,1.9
1394,200,1.9
1394,200,1.9
1394,200,1.9
1394,200,1.9
1394,200,1.9
1394,200,1.9
1377,399,7.8
1390,20,4.9
1393,264,4.9
1404,200,2.1
1301,20,4.9
1403,20,5.2
1403,399,5.2
1403,189,6.2
1362,119,4.9
1402,264,6.2
1405,20,4.9
1395,119,4.7
1388,119,6.6
1402,200,1.9
1401,362,6.9
1409,189,7.2
1409,264,3.6
1405,20,7.2
1405,399,6.2
1389,119,4
1408,362,4.7
1410,119,6.8
1410,399,6.8
1410,20,6.2
1402,20,4.6
1409,20,6.9
1409,20,6.2
1408,264,7.2
1409,119,6.9
1396,200,4.7
1411,119,4.4
1440,20,6.9
1411,264,2.1
1411,264,4.7
1411,264,1.9
1412,264,3.7
1413,264,6.9
1342,399,7.8
1400,119,4.7
1412,189,7.2
1343,119,4.9
1414,20,3.8
1412,399,2.1
1412,20,4.7
1415,399,2.1
1415,399,2.1
1417,20,4.9
1417,119,2.1
1413,119,2.1
1409,399,1.9
1409,399,1.9
1409,399,1.9
1415,119,7.9
1415,134,6
1415,134,6.9
1416,20,6.2
1416,119,4.7
1416,119,4.7
1416,119,4.7
1416,119,4.7
1416,119,4.7
1416,119,4.7
1416,119,5.4
1416,20,4.7
1416,20,1.9
1416,119,4.7
1416,264,3.3
1416,264,3.6
1461,200,4.9
1453,200,4.9
1453,200,4.9
1453,200,4.9
1453,200,4.9
1453,200,4.9
1453,200,4.9
1453,200,4.9
1453,200,4.9
1453,200,4.9
1453,200,4.7
1453,200,4.9
1453,200,4.9
1453,200,4.9
1453,200,4.9
1453,200,4.9
1453,200,4.9
1399,362,4.4
1416,399,5.4
1416,399,4.7
1416,20,4.7
1416,399,4.7
1416,399,4.7
1416,399,4.7
1217,189,7.8
1219,20,6.9
1416,20,3.6
1416,264,6
1416,264,7.2
1414,399,6.9
1416,399,7.1
1414,310,5
1416,119,6.1
1416,264,6.9
1416,189,4.9
1416,189,6.9
1416,119,4.7
1416,119,4.9
1416,119,4.7
1416,200,4.9
1416,200,4.9
1416,189,7.1
1416,310,4.3
1416,20,7.2
1440,119,6.6
1399,119,6.2
1461,399,4
1218,399,4.3
1392,20,7.2
1416,189,5.7
1416,20,6.2
1416,189,5.2
1416,189,4.4
1416,20,4.7
1416,119,6.9
1416,119,4
1416,264,6.9
1416,264,4.7
1416,119,6.9
1416,362,4.7
1416,119,6.1
1416,20,4.9
1416,20,4.9
1416,20,4.9
1416,20,4.9
1416,20,4.9
1416,20,4.9
1416,20,4.9
1416,20,4.9
1416,20,4.9
1416,200,4.9
1416,399,4.7
1416,399,4.6
1416,20,6.9
1416,119,7.4
1416,119,6.2
1416,20,5.5
1416,362,9.3
1416,20,7.1
1416,310,5.2
1416,399,2.9
1416,20,5.5
1416,264,2.1
1416,362,6.9
1440,20,4.9
1349,119,6.9
1369,264,4.7
1368,399,1.7
1368,399,2.1
1369,399,1.9
1416,119,2.6
1416,264,7.2
1416,264,4.9
1416,200,1.7
1416,20,4.4
1416,20,3.7
1416,20,4.9
1416,189,6.1
1416,20,10
1416,399,2.9
1416,362,7.1
1416,20,4.7
1416,362,7.1
1370,20,4.6
1416,189,6.9
1365,189,4.6
1416,264,4.9
1416,189,4.9
1416,189,4.9
1374,119,6.9
1372,119,6.9
1372,119,6.9
1372,119,4.7
1372,119,6.9
1416,264,7.2
1347,119,7.8
1372,189,4.3
1416,264,6.2
1416,264,2.3
1416,264,4.6
1416,189,4.7
1416,119,5
1416,20,5
1416,362,4.7
1416,189,4.9
1416,189,4.9
1416,20,5
1416,362,6.9
1416,264,6.9
1416,59,6.2
1416,264,7.2
1416,264,6
1372,399,4
1372,20,4
1374,399,4.7
1373,119,7.8
1373,399,7.8
1373,399,7.1
1373,399,7.8
1218,399,4.9
1371,200,6.4
1218,399,4.9
1218,264,4.9
1218,362,4.9
821,200,4.3
841,16,5
841,200,5.8
776,79,2.6
2459,20,10
562,399,5
2459,399,5
2571,20,2.1
807,399,2.6
807,399,5
204,399,5
825,362,5.1
2459,399,7.8
829,264,7.1
837,20,7.8
2474,20,7.5
1774,119,4.3
1670,119,9.3
2437,119,9.3
2522,119,9.3
1670,119,9.3
1662,264,7.2
2461,119,9.3
2457,189,9.3
2474,119,7.8
2575,264,4.3
2522,119,9.3
1670,119,5.1
2453,79,4.3
519,119,7.5
2459,399,7.5
2355,119,5.1
803,119,10
834,20,2.6
538,94,9.3
538,119,9.3
825,94,9.3
538,94,9.3
1670,399,4.3
538,94,9.3
538,94,9.3
538,94,9.3
1670,94,9.3
797,94,9.3
1670,94,9.3
803,20,4.3
805,399,2.6
798,362,5.1
1769,200,4.3
783,119,4
506,119,10
2459,264,10
2459,399,2.1
2495,189,7.5
2459,119,9.3
2459,287,4.3
825,119,10
828,200,4.3
825,94,7.6
538,94,9.3
1670,94,9.3
834,200,4
543,20,5.1
757,119,9.3
803,20,5.1
1670,94,9.3
2575,94,7.6
2459,264,7.2
2457,189,7.5
2112,119,9.3
825,20,7.5
832,20,7.5
829,119,7.5
832,79,6
1655,189,9.3
1655,94,9.3
825,94,9.3
1670,94,9.3
1643,94,9.3
33,94,9.3
2457,20,7.8
518,119,6.8
825,20,5
832,119,5.1
2468,94,5.1
1664,94,9.3
1694,94,9.3
2457,94,9
825,119,7.6
803,119,9.3
524,20,5
524,119,7.5
498,20,9.3
803,119,9.3
2467,264,7.2
2456,119,7.2
2516,119,7.5
2460,399,6.1
2459,119,6.9
2456,399,7.8
823,20,4.3
2362,94,9.3
541,20,9.3
1670,119,9.3
1643,20,9.3
2456,119,9.3
1,119,9.3
1,200,7.8
1,119,9.3
2514,119,9.3
1647,94,10
803,362,9.3
1670,20,9.3
1670,94,9.3
1668,20,9.3
811,94,9.3
568,189,7.8
2559,94,7.6
2350,399,5
2452,264,4.6
811,399,9.3
220,94,9.3
2600,20,6.8
2572,119,6.8
2456,264,7.2
2566,399,7.2
2456,399,7.1
536,119,6.8
1651,399,4.3
2504,119,7.1
794,79,4.3
2452,16,7.5
1670,399,9.3
2462,119,10
811,94,9.3
1823,399,9.3
811,16,9.3
811,119,9.3
2624,119,9.3
1643,119,9.3
2564,264,7.2
788,119,9.3
814,20,4.3
2055,79,4.3
841,264,10
2347,20,9.3
1602,20,9.3
2561,79,4.3
2456,189,9.3
2558,264,6.9
2522,119,4
1581,119,9
2456,119,9.3
811,362,7.1
811,119,5
800,94,7.8
800,79,4.3
815,94,7.5
815,399,6.8
516,119,9.3
811,20,9.3
1772,119,9.3
2458,16,6.4
1643,94,9.3
516,119,8.5
814,189,9.3
814,399,6.8
823,79,4.3
1763,79,4.3
811,78,6.8
2348,119,9.3
811,119,7.5
2111,119,7.5
2357,22,5.8
2358,78,6.8
999,200,5
2522,20,7.5
2508,119,4.3
2432,119,4.3
2354,78,7.5
814,94,6.8
814,399,6.8
508,189,9.3
2564,264,7.2
2564,94,10
2456,264,7.2
812,94,7.5
51,310,7.1
571,310,2.1
2526,264,4.3
1184,119,9.3
2452,200,7.1
2517,189,5
811,119,9.3
1649,255,6.4
35,119,5.8
1823,20,6.8
515,119,9.3
2478,119,9.3
2478,94,9.3
777,264,7.2
836,94,10
835,94,9.3
811,399,9.3
52,94,9.3
2388,119,10
2524,200,10
2456,94,9.3
501,200,5
501,119,9
2438,287,8.8
2462,20,6.8
1826,399,10
1670,399,9.3
1662,94,9.3
1668,20,9.3
501,119,9
501,189,9
1668,119,9.3
1670,399,9.3
1670,94,9.3
548,94,9.3
551,94,9.3
556,94,9.3
552,94,9.3
542,94,9.3
548,20,9.3
1670,94,9.3
1670,94,9.3
1684,399,9.3
1684,399,9.3
2321,94,10
1897,20,6.8
2356,119,9.3
2569,264,7.2
2348,119,9.3
823,79,9.3
52,94,9.3
811,79,4.3
2560,94,9.3
2444,119,9.3
2456,94,7.2
835,94,9.3
825,94,9.3
2435,119,9.3
1821,399,9.3
1664,94,9.3
1664,399,9.3
1670,94,9.3
2606,119,9.3
803,94,4.3
1670,399,9.3
2430,94,9.3
2439,264,9
140,399,5
140,399,5
2446,20,7.1
2440,20,5.4
811,119,9.3
515,119,9.3
2441,20,7.1
777,189,9
1771,264,7.1
2436,20,7.2
2440,20,8.3
448,399,6.8
2440,20,9
2440,20,9
811,20,7.1
814,20,4.3
564,22,4.3
2356,119,9.3
2054,79,4.3
1652,20,9.3
2633,22,4.3
811,200,2.1
2498,94,9.3
1695,399,9.3
2456,119,9.3
2433,200,7.8
560,79,4.3
560,79,4.3
2456,189,9.3
2456,264,7.2
2456,399,7.2
2456,264,7.2
2517,94,9.3
811,399,9.3
811,399,9.3
811,20,9.3
811,399,9.3
811,399,9.3
811,20,9.3
1689,94,6.8
2506,119,9.3
2608,399,7.1
823,94,6.8
829,284,6.8
2349,119,9.3
1657,20,6.6
1644,20,9.3
1644,20,9.3
1644,399,9.3
1670,20,9.3
2513,119,9.3
2514,255,10
2521,200,10
508,119,9.3
508,399,9.3
508,119,9.3
508,189,9.3
1667,94,9.3
1670,399,9.3
1670,399,9.3
1670,399,9.3
823,264,6.8
1670,399,9.3
2482,264,7.2
2456,119,9.3
811,264,9.3
811,264,9.3
811,200,4.3
811,399,9.3
811,399,9.3
811,399,9.3
2456,20,10
2572,94,9.3
2347,119,9.3
1,79,4.3
1,79,4.3
2560,200,1.9
1756,94,9.3
2505,20,9.3
1670,79,4.3
2456,399,10
1644,94,9.3
1644,119,9.3
1644,399,9.3
1644,399,9.3
1644,119,9.3
823,200,4.3
1644,399,9.3
1644,399,9.3
1687,287,7.5
19,200,4.3
2543,189,7.2
2448,287,9.3
2456,119,10
2108,119,7.6
2456,399,7.1
795,399,4.3
2456,94,10
1677,264,8.5
1677,399,8.5
1677,189,8.5
1677,119,9.3
1677,399,8.5
811,399,8.5
811,399,9.3
811,399,8.5
811,399,9.3
1644,399,9.3
1644,399,9.3
553,399,9.3
2545,399,8.5
2545,399,8.5
2528,20,5.4
792,189,5
778,20,5
778,255,10
2578,189,4.3
811,399,5
507,20,6.8
2434,399,4.9
2528,255,2.1
502,399,5
2456,119,10
2456,94,10
1644,119,9.3
811,399,9.3
2522,20,4.3
2057,79,3.5
2540,362,4
2,310,10
2445,200,5
1672,399,5
1672,399,5
2565,119,6.9
2443,119,9.3
2109,119,9
1770,399,4.3
799,79,4.3
799,79,4.3
799,79,4.3
799,79,4.3
799,79,4.3
799,79,4.3
2522,189,4.3
799,94,6.8
1591,189,4.3
2510,200,5
2605,200,4.3
2442,399,7.8
2466,362,4.7
1644,264,4.6
823,264,5.8
811,399,9.3
811,399,9.3
2543,264,7.2
2543,264,6.9
2456,20,9.3
2456,20,7.2
2456,20,7.2
516,94,9.3
2456,287,7.1
2456,189,10
1674,20,9.3
2456,20,5.8
8,264,9.3
8,94,9.3
2456,20,3.5
2340,399,9.3
2340,399,9.3
2340,399,9.3
563,399,9.3
563,20,5
1644,399,9.3
1685,399,9.3
2577,119,10
754,119,10
1679,94,9.3
1683,119,9.3
1683,189,9.3
1683,94,9.3
1683,94,9.3
448,94,9.3
1682,94,9.3
1683,119,9.3
1683,119,9.3
2456,119,10
2454,200,4.9
2456,264,9
2456,119,9.3
2456,189,9.3
2456,20,5.8
2456,20,6.4
2456,119,9.3
725,79,4.3
536,94,9.3
2537,79,4.3
2456,16,7.2
2525,22,8.5
2540,200,4
811,119,9.3
2625,264,5
791,189,4.9
1670,94,9.3
811,399,9.3
825,94,9.3
811,399,9.3
811,399,9.3
2515,94,9.3
1680,94,9.3
1670,94,9.3
1670,94,9.3
1670,94,9.3
1670,399,9.3
1670,189,9.3
997,399,9.3
1644,119,9.3
1644,119,9.3
1686,94,9.3
2456,264,10
2507,20,5
2352,94,9.3
775,287,7.6
2456,20,7.2
2456,20,7.2
2456,20,7.2
2456,20,7.2
2456,20,7.2
1683,94,9.3
1683,119,9.3
1643,119,9.3
1681,119,9.3
2552,119,9.3
2455,119,9.3
1670,94,9.3
1000,264,9
1000,94,9.3
1683,119,9.3
2462,399,10
53,399,7.8
811,200,7.1
803,399,9.3
735,189,4.3
2519,189,9.3
2577,399,7.8
811,399,9.3
816,399,9.3
816,399,9.3
811,399,9.3
816,399,9.3
1668,119,9.3
997,119,9.3
776,287,7.6
2539,20,2.6
515,20,9.3
515,94,9.3
2332,264,9
2463,399,9
2463,94,9.3
2463,189,8.5
816,94,9.3
816,399,9.3
816,94,10
816,94,9.3
2455,94,9.3
2455,264,6.9
2462,119,9.3
2462,189,9.3
2455,94,10
2462,399,7.8
2463,119,9.3
2455,255,10
815,287,5.8
821,287,6.8
815,287,5.8
803,79,4.3
821,119,4.3
2352,264,9.3
2455,94,10
2352,200,7.8
220,119,9.3
8,94,9.3
1574,94,9.3
2514,94,8.5
10,189,9.3
10,119,9.3
10,119,9.3
10,94,9.3
10,189,9.3
2556,287,10
1675,189,9.3
2543,255,6.9
2543,20,9
2456,310,6.8
2456,189,7.5
2553,94,9.3
2456,20,7.2
2456,94,9.3
2456,189,7.2
2456,20,6.9
2541,399,4.9
10,189,9.3
2455,94,9.3
777,399,2.6
2462,119,10
2481,189,7.8
2515,94,9.3
2551,399,7.8
2521,119,9.3
10,94,9.3
816,94,9.3
816,94,9.3
816,94,9.3
2551,94,10
817,399,4.3
808,399,5
2540,264,4.6
816,20,4.3
811,399,7.8
809,20,5
811,94,5
776,119,9.3
2556,399,10
10,189,9.3
449,94,9.3
449,94,9.3
449,94,9.3
449,119,9.3
449,94,9.3
449,94,9.3
449,94,9.3
449,94,9.3
1644,119,9.3
815,399,5
815,399,5
533,134,5
816,399,9.3
811,94,9.3
816,94,9.3
816,399,9.3
2454,399,6.8
2485,399,7.1
2456,94,10
2483,189,9.3
2055,20,5
816,200,5
2456,94,9.3
2523,119,9.3
2456,94,9.3
2456,94,9.3
2456,119,9.3
773,20,6
774,20,6
574,79,4.3
2455,20,9.3
2483,362,9.3
2456,189,9.3
2063,94,9.3
2456,20,9
2456,362,7.1
2456,20,7.8
2456,264,6.9
557,20,5
557,200,5
2554,20,4
818,94,9.3
2456,189,9.3
1803,119,9.3
1804,119,9.3
1643,94,9.3
1804,94,9.3
1804,119,9.3
1804,119,9.3
2456,264,10
2431,264,7.2
2456,20,4.7
2456,20,4.7
2456,399,7.2
2456,264,6.9
2456,20,4.9
2551,94,10
2551,94,10
2551,94,10
2551,399,7.8
1670,119,9.3
818,94,9.3
818,94,9.3
818,94,9.3
810,94,9.3
818,94,9.3
816,399,9.3
2483,119,9.3
2456,94,9.3
2344,94,7.6
816,264,4.3
2344,94,7.6
549,94,9.3
549,94,9.3
549,94,9.3
549,119,9.3
549,94,9.3
549,94,9.3
549,94,9.3
1820,119,9.3
1765,94,9.3
811,94,9.3
2456,399,10
2483,20,10
2479,399,10
2483,399,10
2462,119,9.3
1827,119,9.3
2456,119,9.3
2483,20,4.7
2456,94,7.6
2456,20,6.8
2456,20,6.8
2456,20,9.3
2456,20,9.3
811,200,4.3
811,362,9.3
818,94,9.3
825,399,9.3
818,94,9.3
818,200,4.3
823,200,4.3
2059,79,3.5
2522,119,4.3
2452,20,4.7
825,94,9.3
811,399,9.3
811,94,9.3
811,200,2.6
2481,94,9.3
2479,264,6.4
36,94,9.3
1670,94,9.3
1771,189,9.3
2055,79,4.3
2543,94,9.3
2456,20,7.2
2483,119,9
549,94,9.3
552,94,9.3
549,94,9.3
552,94,9.3
2456,119,7.6
2562,399,7.1
818,119,7.6
22,310,7.6
2332,264,9.3
552,94,9.3
552,94,9.3
552,94,9.3
552,94,9.3
552,94,9.3
552,94,9.3
552,94,9.3
552,94,9.3
549,94,9.3
1706,264,6.9
2456,94,6.8
777,94,8.5
816,79,4.3
816,200,4.3
816,94,9.3
816,94,9.3
816,94,9.3
816,94,9.3
1670,94,9.3
816,79,4.3
2344,119,7.6
557,310,6.4
557,20,6.4
2451,20,4.9
2451,20,4.9
823,200,4.3
516,94,9.3
516,94,9.3
37,94,9.3
2476,119,9.3
2476,189,9.3
2479,78,9.3
2480,264,6.8
2479,20,4.4
2577,362,6.8
2551,399,7.2
2483,20,4.6
2543,264,6.9
2483,119,7.8
2483,189,6.8
2479,264,7.2
2479,264,7.2
2479,20,7.2
2479,20,7.2
3,94,9.3
777,119,4.3
1644,94,9.3
1644,94,9.3
1644,119,9.3
1696,94,9.3
820,399,5
525,310,4
525,255,4
202,79,4.3
11,79,4.3
203,79,4.3
567,79,4.3
820,399,4.3
807,399,4.3
2479,79,4.3
823,264,4.3
2551,399,7.2
2479,20,10
2483,20,7.8
2483,399,7.8
2483,94,9.3
2483,264,6.8
2483,264,6.8
816,94,9.3
803,94,9.3
816,362,9.3
816,94,9.3
816,94,9.3
2622,94,9.3
553,94,9.3
2543,94,9.3
2531,94,9.3
2479,20,9.3
2543,94,9.3
2479,20,9.3
1827,94,9.3
1824,119,9.3
1829,20,9.3
1804,119,9.3
1643,189,9.3
1765,119,9.3
2483,20,9.3
777,119,9.3
775,287,6.8
728,20,5.8
728,79,4.3
728,79,4.3
1670,20,9.3
2477,119,7.2
2476,264,7.2
2476,264,7.2
2479,264,7.2
2522,94,9.3
2476,119,7.6
1643,94,9.3
1643,94,9.3
1643,94,9.3
2351,264,9.3
1776,352,6.8
1644,119,9.3
1643,94,9.3
1643,94,9.3
2607,399,9.3
2607,94,9.3
2607,94,9.3
1643,94,9.3
1643,94,9.3
2543,119,7.2
2544,264,7.5
2483,399,7.6
2485,119,9.3
4,94,9.3
2483,20,7.1
552,189,9.3
552,20,9.3
554,20,9.3
553,20,9.3
552,20,9.3
552,20,9.3
553,20,9.3
552,20,9.3
553,20,9.3
552,20,9.3
549,20,9.3
552,20,9.3
552,20,9.3
816,79,4.3
745,79,4.3
816,200,4.3
803,94,9.3
816,200,4.3
816,399,9.3
816,94,9.3
816,200,4.3
816,94,9.3
4,310,5
1670,119,9.3
1670,119,9.3
1670,119,9.3
1670,119,9.3
2483,20,7.2
811,94,9.3
816,200,4.3
803,94,9.3
816,94,9.3
816,94,9.3
816,200,4.3
816,200,4.3
728,79,4.3
566,399,4
2479,119,7.2
2479,399,7.2
2479,399,7.2
2479,119,7.2
2479,264,7.2
2483,20,7.2
1670,119,9.3
1670,189,9.3
1670,119,9.3
1670,119,9.3
1670,119,9.3
1670,119,9.3
1670,119,9.3
1824,119,9.3
1828,94,9.3
2479,94,9.3
2479,399,6.9
4,20,9.3
2479,94,6.9
2546,20,4.9
2483,264,7.2
816,399,9.3
2476,119,7.2
2543,119,9.3
816,399,9.3
777,119,10
2598,94,9.3
2476,119,7.6
2466,119,7.2
2452,200,4.3
2598,94,9.3
2466,399,7.8
2473,119,7.6
821,264,5
499,189,9.3
499,20,9.3
2543,94,9.3
2481,264,4.7
2483,200,4.3
2479,20,9.3
2476,119,9.3
816,94,9.3
816,94,9.3
724,20,7.2
2481,287,7.2
2481,20,5
1670,189,9.3
2512,20,9.3
2479,310,7.2
2577,119,7.2
2479,20,7.2
2479,20,7.2
2479,20,7.2
2479,20,7.2
2479,20,7.2
2483,287,6.4
2344,94,9.3
2344,94,9.3
811,399,9.3
2479,79,4.3
539,189,9.3
539,189,9.3
552,119,9.3
553,119,9.3
553,119,9.3
552,119,9.3
816,399,9.3
2442,16,6.9
2048,79,4.3
2479,119,10
1645,20,9.3
1645,20,9.3
2476,20,7.5
2476,189,9.3
2479,20,9.3
2476,20,10
2476,399,7.2
1196,189,9.3
4,20,9.3
2476,399,7.2
2476,399,7.2
2476,399,7.2
2476,399,7.2
2476,399,7.2
2476,399,7.2
2476,399,7.2
2476,399,7.2
1799,264,9.3
542,399,9.3
543,119,9.3
539,20,9.3
541,264,9.3
2497,20,2.6
2476,399,7.2
2476,399,7.2
2476,399,7.2
2476,399,7.2
2476,399,7.2
2476,399,7.2
2476,399,7.2
2476,399,7.2
2476,399,7.2
2576,119,9.3
816,264,5.8
811,200,4.3
816,200,4.3
2543,20,9.3
2476,264,7.2
822,119,9.3
816,119,9.3
816,79,4.3
4,264,9.3
816,119,9.3
816,119,9.3
816,119,9.3
816,362,7.6
816,200,4.3
822,119,9.3
822,119,9.3
822,119,9.3
2548,79,4.3
2476,79,4.3
816,119,9.3
2487,399,7.8
2476,20,10
1644,20,9.3
1804,119,9.3
4,264,5.1
549,20,9.3
540,119,9.3
549,119,9.3
552,119,9.3
549,119,9.3
552,119,9.3
552,119,9.3
553,119,9.3
1678,200,4.3
2476,119,7.2
2476,119,7.2
2476,119,7.2
2476,189,7.2
1830,94,9.3
2485,16,5
816,200,4.3
2064,399,7.8
2064,399,7.8
2476,119,10
2476,399,7.8
2476,189,7.2
2487,399,7.8
2548,399,4.7
2488,20,9.3
2476,399,7.2
2476,399,7.2
2476,399,7.2
2487,399,7.2
2476,399,7.2
2476,399,7.2
2476,399,7.2
2476,399,7.2
2476,399,7.2
726,119,10
2048,79,4.3
2050,79,4.3
729,200,4
2048,79,4.3
2479,79,4.3
728,94,4.3
728,79,4.3
728,79,4.3
822,200,4.3
822,20,9.3
822,200,4.3
822,119,9.3
822,119,9.3
2487,399,7.1
2548,20,10
2476,264,7.2
2476,399,7.1
728,94,9.3
2476,119,5
2487,399,4.7
2342,20,9.3
2476,264,7.2
1896,79,4.3
4,200,4.3
4,200,4.3
2344,20,9.3
1660,20,9.3
1645,399,9.3
2476,264,7.2
553,399,9.3
546,119,9.3
549,119,9.3
546,20,9.3
549,119,9.3
816,200,4.3
822,20,9.3
822,20,9.3
816,20,9.3
803,20,9.3
822,20,9.3
816,20,9.3
822,20,9.3
822,20,9.3
2487,20,4.7
2476,119,9.3
2487,20,7.1
2476,264,7.2
751,20,5
751,20,5
1789,264,7.2
2476,399,7.2
728,20,5
2487,189,10
2487,287,9
2487,264,7.2
796,20,4.3
801,20,4.3
2569,264,7.1
2543,94,9.3
2543,94,9.3
2487,94,9.3
553,94,9.3
822,200,4.3
2487,119,9
2487,264,7.2
1830,20,9.3
1829,94,9.3
1830,94,9.3
1644,94,9.3
2487,399,7.8
2487,20,6.8
2487,264,8.5
2487,264,9.3
2487,264,3.6
822,264,5
2491,20,9.3
2489,94,9.3
2542,264,6.9
2542,399,5
138,79,4.3
822,200,4.3
822,94,9.3
822,200,4.3
4,94,9.3
3,94,9.3
2050,79,4.3
2345,20,9.3
2345,94,9.3
2345,94,9.3
2345,94,9.3
2345,94,9.3
2345,94,9.3
545,119,9.3
545,399,9.3
553,399,9.3
2050,79,4.3
2050,79,4.3
727,20,5.8
727,16,5
2489,20,7.2
2542,20,7.2
2491,119,9.3
2489,20,9.3
2489,20,4.3
2488,399,7.2
822,94,9.3
2489,20,4.3
2489,20,7.2
221,94,9.3
1658,399,9.3
4,20,9.3
4,20,9.3
4,119,9.3
4,20,9.3
1658,20,9.3
1669,20,9.3
822,94,7.6
822,94,9.3
811,94,9.3
822,94,9.3
816,94,9.3
2489,94,9.3
2488,264,1.7
2479,94,9.3
2065,399,9.3
1663,119,9.3
2487,264,7.2
2489,264,7.2
2489,20,7.2
2489,264,7.2
2609,94,9.3
545,264,9.3
545,264,9.3
822,94,9.3
816,94,9.3
822,94,9.3
811,119,9.3
2489,189,9.3
2489,189,9.3
824,399,9.3
515,119,9.3
822,399,9.3
822,399,9.3
822,119,5.8
545,264,9.3
2489,20,7.2
2489,20,5
2489,134,10
2576,119,10
2577,119,10
4,94,9.3
446,94,9.3
522,79,4.3
822,200,4.3
1692,79,4.3
1692,264,5.5
1692,79,4.3
2060,20,6.8
1688,79,4.3
2479,20,7.2
2479,20,7.2
2479,20,7.2
2479,399,7.2
2577,362,6.9
2488,200,4.3
822,79,4.3
822,200,4.3
822,94,9.3
816,94,9.3
822,94,9.3
822,94,9.3
822,94,9.3
822,94,9.3
822,94,9.3
822,94,9.3
822,200,4.3
547,119,9.3
547,119,9.3
547,399,9.3
2343,119,9.3
2624,119,9.3
2489,20,7.2
499,119,9.3
2365,79,4.3
2489,20,7.2
1645,264,6.9
4,264,9.3
3,200,5
746,79,4.3
822,94,9.3
822,94,9.3
822,189,9.3
1661,119,9.3
2577,94,9.3
2489,399,7.2
1673,399,9.3
2489,189,7.2
2488,399,7.2
777,200,2.1
733,200,5
2127,79,4.3
1673,399,9.3
547,119,9.3
824,399,9.3
824,399,9.3
2548,20,5.8
2611,119,9.3
2107,79,4.3
2490,399,7.2
2476,94,9.3
822,399,9.3
2535,310,2.6
2486,94,9.3
822,399,9.3
4,20,9.3
4,264,9.3
822,94,9.3
822,399,9.3
2484,94,10
822,399,9.3
565,94,3.5
816,399,9.3
822,200,2.6
4,200,4.3
4,119,9.3
4,119,9.3
4,20,9.3
4,20,7.8
572,189,9.3
572,94,9.3
2488,264,7.2
2128,79,4.3
2128,79,4.3
2489,119,10
2489,264,5.8
822,200,4.3
822,399,9.3
822,399,9.3
822,399,9.3
822,399,9.3
822,399,9.3
822,399,9.3
822,399,9.3
816,399,9.3
822,399,9.3
822,399,9.3
822,399,9.3
822,399,9.3
822,119,9.3
4,264,10
2489,399,7.2
2542,94,9.3
2499,20,7.2
2050,264,7.5
2049,20,5
1669,119,9.3
2050,79,4.3
2050,22,7.5
2050,119,7.8
2050,119,5
822,399,9.3
822,399,9.3
822,399,9.3
822,399,9.3
816,399,9.3
822,399,9.3
822,399,9.3
822,399,9.3
1645,200,5
2501,264,6.8
2542,94,9.3
822,416,9.3
2489,362,4.9
2489,362,4.9
2489,362,4.9
2489,362,4.9
2489,362,4.9
2489,362,4.9
2489,362,4.9
2489,362,4.9
2489,362,4.9
2489,362,4.9
2489,362,4.9
2489,362,4.9
2489,362,4.9
2489,362,4.9
2489,362,4.9
2489,362,4.9
2489,362,4.9
2489,362,4.9
2489,362,4.9
2489,362,4.9
2489,362,4.9
2489,362,4.9
2489,362,4.9
2489,362,4.9
2489,362,4.9
2489,362,4.9
2489,362,4.9
2489,362,4.9
2489,362,4.9
2489,362,4.9
2489,362,7.2
2489,362,7.2
2489,264,7.2
2548,399,7.1
48,20,5
2489,362,6.9
2493,362,4.9
2488,264,7.2
2488,264,7.2
2488,264,7.2
816,399,9.3
746,79,4.3
2056,264,3.5
2491,20,7.1
2489,362,6.9
2489,362,4.9
2542,119,7.2
1894,94,9.3
816,200,4.3
2489,264,7.2
2341,200,4.3
1469,119,9.3
822,399,9.3
822,399,9.3
2493,399,7.8
822,416,9.3
822,416,9.3
822,416,9.3
822,416,9.3
811,416,9.3
816,416,9.3
822,416,9.3
2577,399,9.3
535,119,9.3
1829,20,9.3
1829,190,9.3
1829,20,10
1829,119,10
1829,20,9.3
1829,94,9.3
1642,119,9.3
1669,119,9.3
1829,189,9.3
1829,189,9.3
1692,20,10
1645,119,9.3
2488,119,7.2
2488,119,7.2
2489,119,7.2
2608,94,9.3
4,20,5
4,287,7.5
822,399,9.3
2488,399,9
2489,264,7.2
2479,119,7.2
2479,119,7.2
2479,119,7.2
2479,119,7.2
2489,264,7.2
1567,119,9.3
816,94,9.3
822,16,4
822,16,4
822,416,9.3
822,119,7.5
822,119,9.3
822,119,9.3
822,119,9.3
822,119,9.3
822,119,9.3
822,119,9.3
822,119,9.3
822,119,9.3
802,119,9.3
822,119,9.3
802,119,9.3
822,119,9.3
822,119,9.3
822,119,9.3
822,119,9.3
802,119,9.3
822,119,9.3
2515,94,9.3
4,20,9.3
4,94,9.3
4,94,9.3
4,94,9.3
4,94,9.3
4,94,9.3
2490,399,4.4
731,200,4.3
2488,189,7.1
822,119,9.3
822,399,9.3
822,119,9.3
822,119,9.3
822,94,9.3
822,94,9.3
822,94,9.3
802,94,9.3
822,94,9.3
822,94,9.3
816,94,9.3
822,94,9.3
822,94,9.3
802,94,9.3
822,94,9.3
2499,264,6.9
31,119,9.3
31,119,9.3
31,119,9.3
554,119,9.3
550,20,4.3
1669,200,5
822,94,9.3
822,94,9.3
822,94,9.3
816,94,9.3
822,79,4.3
2489,264,7.2
4,94,9.3
2489,119,4.9
2489,119,7.2
2489,94,9.3
2489,264,10
2067,94,9.3
2052,79,4.3
2052,79,4.3
2542,119,9.3
2557,119,7.8
2489,119,7.8
822,119,9.3
49,200,5
816,264,7.6
822,119,9.3
822,119,9.3
822,119,9.3
822,119,9.3
822,119,9.3
822,79,4.3
822,119,9.3
822,119,9.3
2489,399,10
2490,119,7.2
2490,119,7.2
2490,119,7.2
822,119,9.3
2489,94,7.2
822,119,9.3
802,119,9.3
822,119,9.3
822,119,9.3
816,119,9.3
822,119,9.3
822,119,9.3
822,119,9.3
822,119,9.3
2491,119,6.9
2488,22,4.9
822,119,9.3
822,399,9.3
1673,119,9.3
1673,119,9.3
1673,119,9.3
1673,119,9.3
1673,119,9.3
1673,119,9.3
1669,119,9.3
1669,119,9.3
1673,119,9.3
2608,119,9.3
1673,119,9.3
1673,119,9.3
1661,264,6.9
4,20,7.8
4,20,7.8
2489,399,6.9
2542,119,9.3
2479,119,7.2
2479,119,7.2
2479,119,7.2
50,20,5
2479,20,5
1766,399,9.3
822,119,9.3
802,20,9.3
802,119,9.3
822,119,9.3
822,119,9.3
2479,20,7.1
2542,119,6.9
2489,399,7.2
2493,264,3.5
2489,399,7.2
802,119,9.3
802,119,9.3
822,119,9.3
2489,200,4.9
2489,399,7.2
535,119,9.3
554,119,9.3
2608,119,9.3
2609,119,9.3
822,399,9.3
2489,94,9.3
1690,264,6.8
2068,20,4.3
822,399,9.3
2492,264,7.9
2542,20,7.2
2489,20,7.6
2489,399,7.2
2493,20,4.7
1761,200,5
1467,94,9.3
2489,119,7.2
822,200,4.3
816,200,4.3
822,119,9.3
822,119,9.3
822,119,9.3
822,119,9.3
822,119,9.3
822,119,9.3
822,119,9.3
822,119,9.3
2479,189,9.3
822,264,6.9
2530,20,4.3
207,79,4.3
793,20,6.2
822,20,6.2
822,119,9.3
822,119,9.3
822,119,9.3
793,119,9.3
811,119,9.3
1642,200,4.3
2536,399,9.3
1666,264,4.3
2489,189,4.9
1691,94,6.8
2476,20,7.2
558,79,4.3
532,200,4.3
2608,399,7.1
822,20,5.8
2493,399,5
1693,94,9
5,20,5
2493,20,7.8
2547,20,5
2547,20,5
5,20,9.3
1673,119,9.3
1673,119,9.3
1673,119,9.3
523,20,4
2489,264,7.2
2489,119,9.3
2622,264,7.1
793,119,9.3
822,264,4.3
822,119,9.3
822,119,9.3
822,119,9.3
822,119,9.3
822,119,9.3
822,119,9.3
822,119,9.3
822,119,9.3
816,119,9.3
816,119,9.3
816,119,9.3
816,119,9.3
822,119,9.3
822,119,9.3
822,119,9.3
822,119,9.3
822,119,9.3
822,119,9.3
822,119,9.3
822,119,9.3
793,119,9.3
793,119,9.3
822,200,4.3
1582,94,10
3,264,4.3
2489,310,5.1
822,119,9.3
822,119,9.3
822,119,9.3
2489,119,7.2
2489,399,9.3
816,119,9.3
816,119,9.3
793,119,9.3
822,119,9.3
822,119,9.3
822,119,9.3
822,119,9.3
822,119,9.3
822,119,9.3
822,119,9.3
822,119,9.3
793,119,9.3
822,119,9.3
2489,399,7.5
2542,264,5.4
2489,264,7.2
2069,264,7.1
793,119,9.3
802,416,9.3
2489,119,6.6
822,119,9.3
218,94,6.8
822,119,9.3
811,119,9.3
822,119,9.3
1693,79,4.3
822,119,9.3
1673,119,9.3
2608,119,9.3
793,119,9.3
1645,119,9.3
793,399,10
793,264,10
793,399,7.6
2489,415,7.2
793,94,9.3
816,399,9.3
822,310,6.8
822,119,9.3
822,119,9.3
822,94,9.3
822,119,9.3
822,416,10
793,200,4.3
822,264,6.8
822,119,9.3
793,119,9.3
816,119,9.3
793,119,9.3
822,119,9.3
822,119,9.3
793,119,9.3
822,119,9.3
822,119,9.3
802,119,9.3
802,119,9.3
822,119,9.3
816,119,9.3
793,119,9.3
822,119,9.3
822,119,9.3
793,119,9.3
822,119,9.3
822,119,9.3
793,119,9.3
822,119,9.3
816,119,9.3
822,119,9.3
5,94,10
2489,264,7.2
1659,200,4.3
1659,264,6.8
2489,20,5
2489,255,6.8
2380,94,8.5
2489,399,7.2
822,119,9.3
2624,264,4.3
2489,119,9.3
2489,20,9.3
2489,264,7.2
2106,79,4.3
1470,79,4.3
2489,94,9.3
2518,119,6.8
1642,399,5
793,119,9.3
822,119,9.3
793,119,9.3
793,119,9.3
822,119,9.3
822,119,9.3
822,119,9.3
793,119,9.3
793,119,9.3
793,119,9.3
793,119,9.3
822,119,9.3
822,119,9.3
811,119,9.3
816,119,9.3
793,119,9.3
816,119,9.3
793,119,9.3
793,119,9.3
816,119,9.3
822,119,9.3
822,119,9.3
793,119,9.3
822,94,7.5
1673,119,9.3
1568,20,4.3
2489,264,6.9
2489,264,7.6
822,119,9.3
822,264,6.4
822,119,9.3
811,119,9.3
822,119,9.3
793,119,9.3
811,119,9.3
822,119,9.3
793,119,9.3
822,119,9.3
822,119,9.3
811,119,9.3
822,119,9.3
793,119,9.3
816,119,9.3
822,119,9.3
822,119,9.3
822,119,9.3
793,119,9.3
793,119,9.3
822,119,9.3
822,119,9.3
793,119,9.3
822,119,9.3
793,119,9.3
822,119,9.3
793,119,9.3
793,119,9.3
822,119,9.3
1701,20,9.3
2051,264,9.3
822,264,6.8
802,119,9.3
822,264,6.8
822,119,9.3
822,119,9.3
793,119,9.3
793,119,9.3
816,119,9.3
793,119,9.3
822,119,9.3
822,119,9.3
503,20,6.8
793,119,9.3
822,119,9.3
822,119,9.3
793,119,9.3
822,119,9.3
793,119,9.3
822,119,9.3
822,119,9.3
2511,399,6.8
2110,399,6.8
3,264,4.3
822,119,9.3
2489,119,4.9
822,119,9.3
793,119,9.3
1470,20,5
1470,79,4.3
6,399,5
6,264,10
2493,264,6.8
206,79,4.3
822,119,9.3
793,119,9.3
822,119,9.3
822,119,9.3
822,119,9.3
802,119,9.3
822,119,9.3
816,119,9.3
793,119,9.3
822,119,9.3
793,119,9.3
822,119,9.3
793,119,9.3
822,119,9.3
802,119,9.3
822,119,9.3
793,119,9.3
793,119,9.3
822,119,9.3
822,119,9.3
822,119,9.3
822,119,9.3
793,119,9.3
793,119,9.3
822,119,9.3
822,119,9.3
822,119,9.3
822,119,9.3
822,119,9.3
822,119,9.3
822,119,9.3
822,119,9.3
822,119,9.3
2486,264,7.2
2486,20,9.3
1645,20,9.3
6,399,10
3,264,4.3
822,264,6.8
822,264,6.8
793,20,9.3
822,399,9.3
822,20,9.3
816,20,9.3
793,20,9.3
793,20,9.3
811,20,9.3
816,20,9.3
811,119,9.3
793,20,9.3
822,264,4.3
822,119,9.3
2577,20,7.2
1767,310,4
1583,310,5.4
1635,264,6.6
690,200,4.3
690,264,5
597,94,7.5
598,264,7.5
603,94,5
1598,94,4.3
2183,94,5.1
582,20,5.8
708,399,9.3
585,399,9.3
2187,20,9.3
264,20,5.5
606,264,2.6
708,264,9.3
606,20,4.3
605,189,9.3
585,79,4.3
585,264,6.8
585,264,9.3
585,189,9.3
585,119,9.3
585,79,4.3
604,399,10
607,399,5.1
233,79,4.3
608,200,4.3
609,264,7.5
708,94,9.3
609,94,9.3
1990,119,6.4
609,20,4.3
609,79,4.3
609,264,5.1
708,119,7.5
639,20,4
610,16,7.5
610,189,7.5
611,20,4.3
612,20,4
612,119,9.3
612,79,4.3
622,94,9.3
623,20,5
623,189,6.8
624,119,6.8
624,119,9.3
623,264,6.4
707,79,4.3
708,264,7.5
623,79,4.3
624,16,6.8
595,200,5
630,119,6.8
632,20,4.3
631,200,6.8
632,119,9.3
632,94,9.3
632,22,7.1
633,200,4.3
634,264,6.8
595,200,6.8
634,94,4.3
1599,79,4.3
238,264,5
238,79,4.3
639,20,9.3
240,264,7.5
638,16,4.3
638,200,4.3
638,264,9.3
638,20,4.3
638,20,4.3
615,79,2.6
621,79,4.3
637,20,4.3
640,399,7.1
641,79,4.3
640,22,4.3
641,79,4.3
629,119,10
659,119,9.3
1997,119,7.5
586,200,5
625,399,9.3
625,399,9.3
625,20,4.3
625,79,4.3
625,79,4.3
625,94,4.3
625,22,4.3
625,399,9.3
640,200,9.3
625,200,4.3
626,94,6.8
626,79,4.3
626,399,6.8
626,399,6.8
626,287,5
626,59,4.3
640,399,9.3
589,399,5
243,79,4.3
242,264,4
241,264,3.5
627,399,4.3
654,189,9.3
654,119,10
640,399,10
640,399,10
640,79,4.3
640,287,7.5
640,264,7.5
640,264,6.8
640,20,5
642,20,7.5
640,200,5
642,79,4.3
640,20,4
640,264,6.8
640,399,10
654,20,2.6
654,94,6.8
654,94,7.5
655,20,4.3
629,264,7.5
629,264,7.5
656,264,7.5
640,264,7.5
655,264,7.5
656,189,10
656,399,10
656,399,10
656,79,4.3
628,79,4.3
656,22,4.3
656,22,7.8
629,200,5
1996,119,10
658,399,5
243,22,7.1
658,264,4.3
658,79,4.3
640,200,5
640,399,9.3
656,20,10
659,94,5.1
659,399,5
640,189,10
640,399,10
670,79,4.3
640,399,9.3
640,287,7.5
640,20,7.5
640,94,7.5
640,399,10
2189,399,4.3
661,399,10
661,399,5
640,264,7.5
661,264,5
661,264,6.8
661,200,6
661,20,4.3
661,79,4.3
661,264,6.8
661,79,4.3
662,20,5
1206,399,5
245,264,4
1995,200,4.3
656,399,5
239,200,2.1
592,264,5.8
662,399,2.6
662,399,10
662,399,10
662,79,2.6
663,264,5.4
663,59,5.1
663,264,5
662,200,3.3
244,79,3.5
244,352,5.8
244,352,5.8
244,352,5.8
244,352,5.8
245,352,7.5
664,399,10
664,399,9.3
664,399,10
664,399,9.3
664,399,10
664,200,7.1
664,20,5.8
642,399,5
665,399,9.3
670,399,9.3
246,352,6.8
666,20,4.3
666,399,5
667,16,5
666,399,5
666,399,5
670,16,4.3
670,20,6.8
670,79,4.3
670,16,4.3
667,79,4.3
667,200,4.3
670,16,4.3
668,399,9.3
668,94,9.3
679,94,10
707,264,9.3
660,399,5
657,399,5
670,94,9.3
670,94,9.3
668,20,4.3
668,200,4.3
670,287,6.8
668,362,9.3
670,94,9.3
583,264,5.4
583,264,9.3
670,94,9.3
668,20,4.3
708,20,4.3
669,310,9.3
669,287,6.8
1622,119,9.3
588,20,6.8
668,399,10
668,189,10
668,399,10
668,399,10
668,399,10
668,189,10
668,399,10
672,20,5
668,79,4.3
654,94,9.3
654,189,5
671,119,7.8
660,189,5
672,20,5.8
671,119,10
672,399,9.3
672,399,5
673,94,10
675,399,5
579,79,4.3
579,79,4.3
579,79,4.3
673,94,9.3
673,20,5
673,94,10
237,89,7.5
247,89,7.5
247,255,5
675,399,10
674,119,10
674,264,7.5
674,264,4.3
674,16,9.3
1998,264,7.1
249,200,5
250,264,5
677,399,9.3
677,189,9.3
677,399,9.3
677,94,7.6
677,200,7.8
679,264,5
250,264,4.3
707,20,9.3
707,362,5.8
2000,200,5
707,200,5
587,79,4.3
679,399,10
1998,399,4.3
679,79,4.3
654,399,9.3
654,119,9.3
654,119,5.1
654,119,9.3
682,264,7.6
654,79,4.3
654,79,4.3
679,399,9.3
654,399,9.3
654,399,9.3
654,94,7.6
679,94,5.1
237,264,1.9
654,20,4.3
654,20,4.3
681,399,9.3
678,399,5
680,200,4.3
686,200,4.3
580,189,9.3
683,94,10
677,119,10
684,200,5.8
684,189,9.3
684,79,4.3
684,399,9.3
684,189,9.3
237,264,5
686,264,4.3
687,264,4.3
686,399,9.3
686,399,9.3
687,20,4.3
686,119,9.3
686,20,4.3
686,189,9.3
686,94,6.8
690,20,9.3
684,399,5
684,399,5
684,399,5
654,399,4.3
251,264,1.9
686,264,2.6
686,189,9.3
686,189,9.3
686,200,5
688,399,10
252,264,5
252,310,6.5
252,200,5
252,189,4
689,399,9.3
689,264,6.8
681,79,4.3
689,264,4.3
689,189,9.3
689,94,9.3
689,399,9.3
689,79,4.3
689,79,4.3
689,119,9.3
689,119,9.3
689,119,9.3
689,119,9.3
690,310,4.3
584,310,5.8
253,94,2.6
690,310,7.5
690,79,4.3
690,264,5.8
690,119,9.3
690,399,9.3
690,119,9.3
584,310,5.8
684,310,5.8
253,200,5
690,119,9.3
690,399,9.3
690,189,9.3
690,20,9.3
690,119,9.3
690,79,4.3
690,189,9.3
690,20,4.3
690,119,9.3
690,119,9.3
681,119,9.3
263,79,4.3
263,264,7.5
263,79,4.3
263,79,4.3
263,94,4.3
690,362,4.3
263,352,6.8
263,79,4.3
690,20,6.8
690,119,10
690,399,10
690,119,10
690,399,10
690,119,10
690,352,6.8
690,119,9.3
690,399,10
690,399,10
690,20,5
690,22,5
690,20,10
694,20,4.3
690,399,10
696,94,10
690,399,10
584,200,4.3
690,264,5
690,399,10
695,20,4.3
694,264,6.4
694,264,10
694,79,4.3
695,264,5
694,189,10
697,264,3.5
694,399,7.6
694,119,5
690,94,10
255,79,4.3
255,200,5
255,94,4.3
694,200,4.3
694,94,4.3
248,79,4.3
255,20,5
690,16,9.3
690,200,4.3
690,94,10
696,200,5
696,119,10
696,119,10
696,119,10
696,255,5
696,119,10
696,119,10
696,264,9.3
690,189,10
696,264,4.3
697,94,4.3
697,264,4.3
698,119,9.3
698,119,10
697,20,4.3
697,119,9.3
698,94,9.3
690,20,9.3
699,79,4.3
699,200,2.6
699,119,9.3
701,119,10
701,200,5
701,119,10
699,94,9.3
256,79,4.3
702,399,7.5
705,399,10
702,399,7.5
700,200,4.3
702,399,7.5
690,264,6.8
256,287,6.8
256,352,6.8
256,352,6.8
697,200,5
702,399,7.5
698,264,4.3
704,264,5
263,352,5.1
706,119,5
705,119,10
705,264,5
705,79,4.3
705,200,5
263,20,4
705,119,10
705,264,2.1
706,94,4.3
616,399,7.5
265,352,5.1
706,399,7.5
706,79,4.3
706,200,5
706,399,9.3
706,264,6.8
706,264,7.5
706,264,6.4
706,20,7.5
706,399,7.5
265,264,4.3
265,264,4
706,119,10
706,399,10
706,119,10
706,79,4.3
706,119,9.3
706,189,5
706,79,4.3
706,264,2.6
706,79,4.3
706,264,9.3
710,119,9.3
706,399,9.3
706,119,9.3
617,264,7.2
706,79,4.3
706,200,2.9
706,399,9.3
706,119,9.3
706,399,10
706,399,9.3
706,119,9.3
706,399,10
706,79,4.3
706,79,4.3
706,399,9.3
706,264,5
706,200,5
706,20,4.3
706,399,10
706,264,4.3
706,79,4.3
706,264,4.3
257,264,4.3
257,264,4.3
706,399,10
706,399,10
706,399,10
706,399,10
706,399,10
706,119,9.3
706,399,10
706,119,10
706,399,10
706,399,10
706,399,10
706,399,10
706,399,10
706,399,10
706,264,9.3
706,119,10
706,399,10
706,189,9.3
706,399,10
706,119,10
706,200,5
706,264,7.6
706,399,6.9
706,200,4.3
706,264,6.8
706,94,9.3
258,255,5
706,264,6.4
706,264,4
706,399,9.3
706,399,9.3
706,399,10
706,264,9.3
706,264,5.8
706,79,4.3
706,119,10
706,399,10
706,119,10
706,399,10
706,399,10
706,399,10
706,264,9.3
706,119,10
706,119,10
706,119,10
706,119,10
259,79,4.3
706,119,10
706,119,10
618,264,4.3
706,79,4.3
706,264,5.1
706,264,5
259,200,5
259,200,4
259,200,4.3
706,16,6.4
706,119,9.3
706,264,6.8
706,119,10
706,79,4.3
706,264,4.3
706,16,4.3
706,264,9.3
706,399,10
706,399,10
706,399,10
706,399,10
706,399,10
706,399,10
706,399,10
258,264,5
2631,20,5.8
706,119,10
706,399,6.8
706,264,10
706,189,10
706,94,10
706,79,6.8
706,189,10
706,119,10
706,399,10
706,79,4.3
259,79,4.3
258,200,5
706,399,9.3
706,399,9.3
706,20,6.8
706,200,5
706,189,10
706,264,5.8
706,119,9.3
706,399,9.3
706,399,10
706,399,10
706,399,9.3
706,264,9.3
706,94,10
706,287,5
706,119,9.3
706,399,10
706,399,10
706,399,10
706,310,9.3
706,20,5
706,399,10
706,119,10
706,119,10
706,119,9.3
706,119,5.8
706,264,10
706,264,5
706,399,10
706,399,10
706,119,10
706,399,9.3
706,399,10
706,119,10
263,79,4.3
254,200,5
619,399,9.3
620,119,5
620,200,4.3
620,79,4.3
620,264,10
620,264,4.3
620,119,7.2
1625,310,4.3
643,79,4.3
643,20,4.3
643,264,6.9
643,264,6.9
643,399,9.3
643,119,4.3
643,119,10
643,399,10
643,119,10
643,399,10
643,119,10
643,399,10
644,399,9.3
644,399,9.3
644,399,10
644,264,9.3
644,94,9.3
644,119,9.3
644,264,4.3
644,264,4.3
644,20,7.5
644,264,5
644,264,4
644,264,9.3
644,264,4.3
644,310,5
644,264,7.2
645,399,9.3
645,119,10
645,119,7.2
645,119,7.2
645,79,4.3
645,20,10
645,79,4.3
645,264,4.3
645,264,4.3
645,264,5.4
646,119,10
646,119,10
646,119,6.8
646,119,9.3
646,399,9.3
646,119,4.3
646,399,9.3
646,119,6.8
646,264,6.2
646,79,4
646,119,4.3
646,200,2.6
646,119,6.8
646,20,6.8
646,119,9.3
265,352,6.8
265,352,6.8
646,20,9.3
646,119,10
646,264,5
646,399,9.3
1621,310,5.8
1624,189,7.5
265,79,4.3
265,79,4.3
647,20,4.3
647,119,4.3
647,119,6.8
647,264,8.3
647,119,10
647,119,9.3
1624,20,7.5
1624,264,5.8
648,189,7.5
706,79,4.3
706,264,4.3
706,264,10
706,399,10
706,399,10
706,189,6.8
649,352,6.8
706,94,9.3
706,200,4.3
706,310,5.8
1989,79,4.3
706,264,5
706,20,4.3
706,264,5
706,264,10
706,200,4.3
706,200,5
706,399,10
706,255,5
706,399,10
706,264,4.3
706,399,5
706,310,5
1621,20,4.3
706,264,6.9
706,119,6.8
706,20,5
706,264,5.8
706,264,5.8
706,264,6.8
706,264,2.6
706,264,6.8
706,22,6.4
711,22,9.3
706,119,6.8
706,119,7.6
706,94,9.3
706,264,9.3
706,399,9.3
706,119,9.3
706,119,9.3
651,200,1.9
652,264,5
260,287,4
706,264,6.9
706,119,10
706,119,4.3
706,119,10
706,399,9.3
706,264,5.8
650,119,10
706,264,9.3
706,79,4.3
706,399,10
706,399,10
653,119,10
653,20,5
653,119,6.8
653,119,7.5
261,352,4.3
691,119,9.3
691,264,5.8
693,119,10
693,119,10
691,94,9.3
691,94,9.3
691,264,5.8
693,119,10
693,416,10
693,824,4.3
693,119,5
692,264,4.3
262,200,4
262,264,5
262,79,4.3
1988,79,4.3
2131,20,5
526,119,7.1
492,79,4.3
1788,119,7.5
1584,79,4.3
1202,22,5
2383,79,4.3
2191,200,6.8
135,119,6.8
136,189,7.5
739,287,7.5
304,20,4.3
304,79,4.3
305,94,6.8
301,119,9.3
301,189,4.3
301,119,9.3
302,399,4.3
303,399,5
355,264,5.8
307,264,5
312,200,7.8
313,264,4.3
323,264,4.3
313,119,9.3
323,189,6.8
311,399,5
398,264,9.3
118,287,4.3
310,287,5.8
310,287,6.8
325,119,9.3
118,94,6.9
309,79,4.3
326,119,9.3
326,119,9.3
324,119,5
327,264,10
309,20,5
327,310,6.4
298,79,4.3
298,79,4.3
299,264,4.3
309,399,5
353,310,7.5
353,20,9.3
740,189,9.3
740,189,9.3
374,255,4.3
374,200,4.3
374,200,4.3
374,189,9.3
300,189,10
374,189,9.3
300,399,9.3
373,189,9.3
373,200,5
373,189,5
373,200,5
373,399,5
377,362,10
379,399,10
377,200,10
377,399,5
375,189,10
378,20,4.3
376,20,7.5
380,79,4.3
380,79,4.3
380,264,10
381,264,10
381,119,5
381,119,7.5
398,399,4.3
380,352,6.8
383,399,9.3
383,189,9.3
389,399,9.3
389,399,9.3
389,399,9.3
382,200,4.3
308,399,5
308,399,4.3
383,264,9.3
383,94,9.3
383,20,10
383,94,9.3
383,399,9.3
383,79,4.3
383,399,9.3
384,119,4.3
384,119,9.3
384,310,9.3
384,119,9.3
386,119,10
386,119,10
385,119,10
385,119,10
385,399,10
385,200,5
385,119,10
385,119,10
385,20,4.3
385,20,4.3
385,264,5
385,399,9.3
385,399,4.3
385,399,10
385,399,10
385,189,10
385,20,9.3
385,399,2.6
385,399,9.3
385,264,4.3
389,20,5
389,362,9.3
389,119,10
389,119,10
389,119,10
389,200,5
388,119,9.3
390,20,9.3
390,20,9.3
390,20,6.8
390,20,4.3
390,119,9.3
390,264,6.8
390,20,9.3
390,399,9.3
390,20,9.3
390,20,9.3
390,399,9.3
390,189,9.3
390,119,9.3
390,20,9.3
390,119,9.3
391,264,4.3
391,264,4.3
391,399,9.3
391,287,5
391,119,4.3
391,264,4.3
391,399,10
391,399,4.3
391,399,10
392,189,7.5
392,119,5
392,20,10
121,200,4.3
382,200,4.3
382,264,5
393,20,5
393,20,10
393,20,9.3
393,20,10
393,20,10
393,399,10
393,399,10
393,20,10
393,20,10
393,20,5
393,119,9.3
393,119,9.3
393,189,9.3
393,20,10
393,20,10
393,20,10
394,200,5
394,399,10
394,264,7.5
394,20,5
394,20,7.5
394,362,9.3
395,20,10
395,399,10
395,20,10
395,20,5
395,20,10
134,20,4.3
405,399,4.3
396,264,6.8
396,119,7.5
396,119,7.5
396,20,7.5
396,20,7.5
396,119,7.5
396,119,7.5
396,20,7.5
396,119,7.5
396,20,6.8
396,119,7.5
396,119,5
396,189,7.5
396,119,5
396,20,7.5
396,399,7.5
396,20,7.5
120,264,7.2
397,264,7.5
397,20,5
397,264,5
397,119,7.5
397,119,7.5
397,264,5
397,399,7.5
397,20,5
397,264,7.5
397,399,7.5
397,119,7.5
397,119,7.5
397,119,7.5
397,20,7.5
397,119,7.5
397,119,7.5
397,20,6.8
397,119,7.5
397,119,7.5
397,119,7.5
397,399,7.5
397,399,7.5
397,20,7.5
397,20,7.5
397,189,10
397,399,10
397,119,10
397,20,7.5
397,362,4.3
2001,79,4.3
156,352,6.8
397,20,5
397,20,5
397,20,5
397,189,7.5
397,264,7.5
397,20,7.5
397,399,7.5
397,20,6.8
397,20,7.5
397,20,7.5
397,362,6.8
397,20,5
397,20,6.8
397,20,7.5
397,20,7.5
397,399,7.5
397,20,5
397,20,7.5
397,20,5.8
397,399,7.5
397,20,4.3
397,20,7.5
397,399,5
397,20,6.8
397,119,10
397,119,10
397,399,7.5
397,399,5
397,264,5
397,20,5
397,264,7.5
397,20,7.5
397,20,5
397,399,5
397,119,5
397,399,7.5
124,189,7.2
405,264,7.2
405,20,4.4
397,264,7.5
397,264,7.5
124,310,10
397,119,5
397,399,7.5
397,119,7.5
397,20,7.5
397,399,7.5
397,20,7.5
397,399,7.5
124,20,4.3
397,20,6.4
397,20,7.5
397,264,5
397,287,4.3
2071,94,9.3
315,200,4.3
1786,94,9.3
317,399,4.3
397,264,4.3
397,20,6.4
397,200,5
397,20,4.3
397,20,4.3
397,399,5
397,119,6.8
397,399,7.5
397,399,7.5
397,119,7.5
397,399,7.5
397,399,7.5
397,119,5
397,264,5.8
397,399,7.5
397,399,7.5
397,264,5
397,399,7.5
397,200,4.3
397,399,7.5
397,399,6.8
397,119,5
397,399,7.5
397,264,7.5
397,119,10
397,399,7.5
397,264,7.5
397,399,7.5
397,20,10
397,399,7.5
397,399,7.5
397,399,7.5
397,264,7.5
397,399,7.5
397,119,7.5
397,189,7.5
397,399,7.5
397,399,6.8
397,362,6.8
397,264,7.5
397,20,7.5
397,20,7.5
397,20,7.5
397,20,5.8
397,20,6.8
397,20,7.5
397,119,5
397,119,5
397,20,6.8
397,399,6.8
397,399,6.8
397,20,5.8
397,119,5
397,119,5
397,189,7.5
397,399,7.5
397,399,7.5
397,20,7.5
397,264,7.5
397,399,7.5
397,119,5
397,264,7.5
397,399,7.5
397,20,6.8
397,264,7.5
397,119,5
397,310,6.8
397,20,7.5
397,399,6.8
397,20,6.8
397,264,7.5
397,20,6.8
397,399,6.8
397,119,6.8
397,189,7.5
397,399,7.5
397,399,7.5
397,119,7.5
397,119,6.8
397,399,7.5
397,200,5
397,399,6.8
397,20,5
397,125,5
397,189,7.5
397,399,7.5
397,399,7.5
397,119,7.5
397,399,7.5
397,399,7.5
397,399,7.5
397,399,7.5
397,399,4.3
397,399,7.5
397,399,7.5
397,399,7.5
397,399,7.5
397,189,6.8
397,20,10
397,119,10
397,264,5
397,399,7.5
397,399,7.5
397,119,7.5
397,399,7.5
397,264,5
397,20,7.5
397,20,5
397,79,4.3
397,119,5
397,119,5
397,20,5.8
397,189,6.8
397,20,10
397,399,7.5
397,119,7.5
397,119,5
397,264,5
397,399,7.5
397,399,7.5
397,399,7.5
397,399,7.5
397,264,5
397,399,7.5
397,399,7.5
397,399,7.5
397,399,7.5
397,399,7.5
397,399,10
397,399,10
397,362,7.5
397,399,10
321,119,5
321,264,7.5
321,119,5
321,399,10
321,119,5
321,399,10
321,362,7.6
321,399,10
321,20,10
321,20,5
321,20,5
321,20,10
321,399,7.5
321,20,10
321,264,7.2
321,399,10
321,189,6.8
322,399,7.5
322,119,5
322,399,7.5
322,119,10
322,399,10
322,119,7.5
322,119,5
322,399,5
322,119,7.5
322,119,7.5
397,119,5
398,20,4.3
397,119,9.3
123,119,9.3
397,20,4.3
397,79,4.3
397,362,5.1
397,20,7.5
397,399,7.5
397,399,7.5
397,20,6.8
397,399,7.5
2319,20,6.8
397,264,5
397,399,6.8
397,119,7.5
397,399,7.5
397,264,7.5
397,399,7.5
397,119,5
397,119,7.5
397,119,7.5
397,119,7.5
397,399,6.8
397,264,7.5
397,119,7.5
397,119,5
397,399,7.5
397,119,5
397,119,5
397,20,4.3
397,119,5
397,119,7.5
397,119,5
397,119,5
397,399,7.5
397,399,7.5
397,119,7.5
397,119,7.5
397,119,5
397,119,7.5
127,399,7.8
397,119,7.5
397,399,7.5
397,119,7.5
397,399,7.5
397,399,7.5
397,119,7.5
397,19,7.5
397,399,7.5
397,264,5
397,399,7.5
397,119,7.5
397,119,5
397,362,9.3
397,119,5
397,119,5
397,20,5
397,399,7.5
397,399,7.5
397,399,7.5
397,119,5
397,399,6.8
397,119,5
156,264,7.2
156,264,7.2
156,264,7.2
122,200,4.3
318,264,5
764,20,9.3
2319,20,5
397,119,10
397,119,10
397,399,10
397,399,10
397,264,10
219,189,4.3
328,189,6.8
328,200,5
328,399,7.5
328,399,7.5
328,20,6.8
328,20,5
328,399,7.5
328,399,7.5
328,20,5
328,399,7.5
328,189,6.8
328,399,7.5
328,399,7.5
328,119,7.5
328,189,9.3
328,399,7.5
328,399,7.5
330,399,4.3
330,264,4.3
330,189,4.3
330,189,6.8
330,399,6.8
330,200,5
330,399,6.8
330,119,7.5
330,399,6.8
330,119,6.8
329,119,7.5
331,399,6.8
331,119,7.5
400,119,10
333,119,4.3
333,362,6.8
333,119,7.5
333,399,4.3
333,79,4.3
334,119,7.5
334,119,7.5
334,20,5
334,399,7.5
334,119,4.3
334,362,7.5
334,119,7.5
334,20,6.8
334,119,7.5
334,119,5
334,399,7.5
334,79,4.3
334,399,7.5
334,399,7.5
334,79,4.3
334,399,6.8
334,200,5
334,399,6.8
334,399,6.8
334,119,6.8
334,189,7.5
334,119,10
332,310,5
332,79,4.3
2196,362,6.2
2196,264,7.2
2196,20,7.2
2196,264,6.9
2196,362,1.2
125,189,6.8
125,20,4.3
2382,79,4.3
2196,59,1.2
2196,264,4.4
2072,119,9.3
319,264,5
319,79,4.3
319,79,4.3
319,264,5
319,264,9.3
319,264,7.5
319,200,4.3
398,310,2.6
398,310,2.6
335,362,9.3
335,125,5
335,125,5
336,399,10
338,119,7.5
338,416,7.5
338,264,7.5
338,20,7.5
338,362,6.8
338,119,7.5
338,416,7.5
338,399,7.5
338,119,5
338,119,7.5
338,416,7.5
338,416,7.5
338,189,7.5
338,119,7.5
339,119,7.5
338,125,5
338,416,7.5
337,119,6.8
338,399,7.5
338,20,6.8
340,416,10
341,416,10
341,416,10
341,94,10
341,190,10
341,119,10
342,416,7.5
342,264,5
342,399,7.5
342,20,7.5
342,189,7.5
342,399,7.5
342,189,6.8
342,119,5
342,119,7.5
342,189,7.5
342,264,5
342,399,6.8
342,119,4.3
336,264,10
133,59,3.3
100,20,5.8
2385,79,4.3
427,310,5
217,200,1.9
126,20,5
131,264,6.8
342,399,6.8
342,264,6.4
342,20,7.5
342,22,7.5
342,399,7.5
342,119,5
342,119,5
342,399,6.8
342,20,7.5
342,264,7.5
342,399,7.5
342,20,7.5
342,119,7.5
343,119,7.5
343,399,7.5
343,20,5
343,119,7.5
343,20,5
343,264,7.5
343,264,7.5
343,119,5
343,264,6.8
343,119,7.5
343,189,7.5
343,362,6.8
343,119,7.5
343,22,7.5
343,119,7.5
343,189,4.3
343,399,7.5
343,189,5
343,362,6.8
344,399,7.5
344,399,7.5
344,119,7.5
344,399,7.5
344,119,7.5
344,362,7.5
344,200,5
344,287,7.5
344,22,7.5
344,94,7.5
401,119,10
345,399,7.5
345,119,5
345,264,6.8
345,399,7.5
345,399,7.5
345,264,6.8
345,264,7.5
345,119,5
345,264,7.5
345,264,7.5
345,20,6.8
402,59,7.5
402,119,5
402,399,10
402,264,5
402,264,5
347,399,7.5
347,119,5
347,399,7.5
347,399,7.5
347,399,7.5
347,399,7.5
347,399,7.5
347,399,7.5
347,119,7.5
347,399,7.5
347,362,6.8
347,200,5
347,79,4.3
348,119,5
348,416,7.5
348,416,7.5
348,416,7.5
348,416,7.5
348,399,7.5
348,119,7.5
348,119,10
348,119,7.5
348,264,4.3
349,119,4.3
349,399,9.3
349,20,7.5
349,416,7.5
349,264,4.3
349,119,5
349,264,5
349,119,5
349,119,5
349,200,5.8
350,264,5.8
350,399,7.5
350,399,7.5
350,399,7.5
352,22,7.5
352,189,7.5
352,399,7.5
352,399,7.5
352,399,7.5
352,264,5
356,362,6.8
356,119,5
356,399,7.5
356,399,7.5
356,399,6.8
356,399,7.5
356,399,6.8
356,399,6.8
356,119,5
356,399,7.5
356,119,7.5
356,119,5
356,399,6.8
356,399,6.8
356,399,7.5
357,399,6.8
357,399,6.8
357,399,6.8
2070,119,9.3
2070,119,9.3
2073,119,9.3
2386,79,4.3
128,20,9.3
125,310,9.3
737,264,6.9
1787,119,7.5
1787,119,7.5
1787,119,7.5
1787,119,7.5
351,352,6.8
125,264,8.8
359,399,7.5
359,399,6.8
359,119,4.3
359,399,7.5
359,399,6.8
359,119,5
359,189,5
358,189,9.3
359,287,6.8
359,399,6.8
359,20,4.3
359,119,7.5
359,119,7.5
359,119,7.5
360,399,7.5
360,287,7.5
360,399,6.8
360,399,7.5
361,399,7.5
361,20,7.5
362,22,7.5
362,399,7.5
362,20,7.5
362,399,7.5
362,200,5
362,264,6.4
362,399,7.5
362,310,6.4
362,264,5
362,399,7.5
362,399,7.5
362,119,7.5
362,264,5.8
358,264,5.8
129,200,7.5
2073,119,9.3
2002,79,4.3
368,310,7.5
362,399,7.5
362,79,4.3
362,399,7.5
362,399,7.5
362,119,7.5
403,22,7.5
403,119,7.5
403,119,7.5
362,399,7.5
362,20,7.5
362,22,7.5
363,94,7.5
363,189,7.5
363,189,7.5
363,399,7.5
363,399,7.5
363,189,7.5
363,399,7.5
363,20,7.5
363,399,7.5
363,20,5
363,399,7.5
364,264,7.8
364,20,7.5
364,399,7.5
364,20,7.5
364,189,7.5
365,399,7.5
365,189,7.5
365,399,7.5
366,399,7.5
366,189,7.5
366,399,7.5
366,119,5
366,79,4.3
133,189,7.5
129,94,7.5
125,119,5.1
366,189,7.5
366,119,7.5
366,119,7.5
367,20,6.4
367,264,6.8
367,264,7.5
367,200,5
369,264,6.4
369,264,6.4
369,119,5
369,119,5
369,94,10
369,94,10
1632,119,6.9
371,79,6.8
372,94,10
372,264,7.5
372,416,7.5
372,416,7.5
372,416,7.5
372,416,7.5
372,416,7.5
372,399,5
372,264,7.5
372,264,5
372,119,5
372,399,5
297,119,5
366,200,4.3
132,264,5.8
1480,20,4.9
1849,119,7.5
1490,59,6.8
1487,200,2.1
1008,264,7.2
1849,189,7.5
1849,189,7.5
1849,189,7.5
1490,119,6.5
1849,119,7.5
1551,264,7.5
1490,94,2.6
1490,94,7.5
1490,94,7.5
1490,94,7.5
1490,16,5.1
1018,189,6.8
1492,200,2.1
1851,119,5.1
1850,119,5.1
1850,189,5.1
1851,189,5.1
1851,119,5.1
1851,119,5.1
1851,189,5.1
1850,119,5.1
1019,189,5.1
1492,119,7.5
1492,399,5
1492,134,4.6
780,189,5
1492,119,6.4
1926,119,5.1
1851,119,7.5
1927,119,7.5
1854,94,5
1496,119,7.5
979,134,6.8
1805,20,6.8
1496,20,6.8
1496,189,7.2
1496,119,10
1496,399,6.6
1928,399,4.3
1587,119,7.2
1982,79,4.3
781,134,7.1
762,399,2.1
1839,189,9.3
1836,119,9.3
1836,189,9.3
1856,119,5.8
1498,264,7.2
1498,119,5.4
1498,134,7.2
1857,119,9.3
1857,189,9.3
1842,264,9.3
1912,79,4.3
1912,79,4.3
1498,79,4.3
1857,200,4.3
1913,20,6.8
1912,399,7.8
1912,264,9.3
1912,399,4.3
1982,79,7.8
1914,59,4.3
1914,119,6.8
1498,119,5.8
1859,119,9.3
1022,119,9.3
934,20,7.5
934,287,4.3
934,20,4.3
1932,200,4.3
1982,20,4.3
1932,79,4.3
1982,16,6.8
1932,79,4.3
1982,79,4.3
1485,119,6.6
1929,119,9.3
1498,119,7.2
1498,189,7.2
1498,189,7.2
1932,20,6.8
1859,119,7.6
1843,78,9.3
1843,189,6.8
1859,119,9.3
1859,119,9.3
1859,119,9.3
1499,264,2.6
1498,287,6.8
1498,119,6.9
1498,264,7.2
1498,189,7.2
1498,16,9.3
1498,200,5
1498,399,10
1498,399,9
1498,264,10
1932,287,4.3
1498,287,7.2
1498,264,4.3
1498,20,4.3
1498,362,4.3
1932,79,4.3
1982,264,7.5
1498,264,7.5
1498,264,2.1
1860,119,6.8
1860,119,9.3
1485,134,9.3
1500,22,8.8
1485,399,9.3
1931,119,5
1858,94,9.3
1982,119,9.3
1485,362,6.6
1485,119,7.2
1485,119,8.8
1485,264,3.6
1500,79,4.3
1500,287,6.4
1500,264,9.4
1500,264,6.4
1982,79,4.3
1982,399,9.3
1485,399,6.8
1498,287,9.4
1500,310,9.3
1474,264,9.3
1860,119,9.3
1500,189,4.9
1503,189,7.8
1500,189,4.9
1860,399,5.8
1860,399,5.8
1861,399,9.3
1982,399,6.8
1860,119,6.8
1500,264,4.3
1500,264,1.9
1566,94,6.8
1500,399,10
1500,200,5
1500,94,6.8
980,94,9.3
1501,119,5.8
1485,264,7.1
1501,264,5
1485,119,6.8
1485,264,1.9
1485,200,5
1485,189,6.9
1485,200,6.8
482,119,10
1485,20,6.4
1485,362,7.2
1485,119,6.8
1485,189,6.8
1485,362,5.8
1485,362,5.8
1501,94,6.8
1848,119,9.3
1927,20,4.3
1588,399,7.1
1862,119,7.5
978,20,7.5
154,119,6.8
1485,189,4.3
1501,134,6.9
1485,200,4.4
1501,119,5.8
1795,200,2.1
1485,119,6.8
1501,264,6.9
1501,20,7.1
1501,22,8.5
1933,79,4.3
1933,79,4.3
1933,79,4.3
1933,79,4.3
1933,200,2.1
1933,79,4.3
1934,79,4.3
1933,79,4.3
1933,79,4.3
1933,119,6.8
1933,79,4.3
157,20,4.3
1863,20,4.3
1863,119,6.8
1863,94,6.8
1863,119,6.8
1863,119,6.8
1863,119,6.8
1863,119,6.8
1863,119,6.8
1863,119,6.8
1863,119,6.8
1929,399,6.8
1929,79,4.3
1929,119,6.8
1501,264,4.3
1485,20,9.3
1501,20,10
1501,119,9.3
491,264,2.1
1482,189,9.3
758,94,4.3
1501,79,4.3
1508,20,7.2
1485,22,5
1485,264,4.6
1502,119,7.1
1501,119,9.3
1501,399,9.3
1474,399,6.8
1501,200,2.1
1501,200,5
1982,200,4.3
1865,119,6.8
1864,399,6.8
1865,119,6.8
1865,119,6.8
1865,20,6.8
952,399,7.1
1982,20,4.3
1982,20,4.3
1863,399,6.8
1935,399,4.3
1935,119,4.3
760,20,4.3
1982,189,10
466,119,6.8
1505,119,9.3
1936,264,9.3
1936,399,9.3
1500,264,4.6
1503,264,6.8
1504,134,6.8
1503,362,7.6
1485,255,4.9
1503,264,4.6
1982,399,9.3
2619,200,5
467,399,9.3
467,189,9.3
500,399,7.1
1485,264,4.6
1834,399,9.3
225,20,5
1505,200,1.9
1557,200,4.9
1505,264,5
1505,399,9.3
1935,264,9.3
1474,264,7.2
1982,264,6.8
1982,200,5
1020,94,7.5
1505,94,7.5
1505,399,9.3
1505,264,7.2
1505,287,7.6
1485,287,6.3
937,189,7.5
1505,399,6.1
1866,189,6.8
1840,399,9.3
1505,189,10
1505,255,5
1505,264,9
1505,264,2.1
1505,399,9.3
1505,79,4.3
1937,119,9.3
1866,119,6.8
1866,119,9.3
1865,119,6.8
1866,399,9.3
1866,399,9.3
1866,399,4.3
985,264,7.1
937,399,9.3
1023,200,2.6
1866,119,9.3
1009,189,7.2
1506,94,9.3
1506,94,9.3
479,119,7.5
479,189,6.8
479,399,10
1506,119,9.3
1937,200,1.9
1506,119,7.2
1506,362,6.8
1506,119,9.3
937,264,1.9
1982,189,5
1024,119,9.3
947,189,10
1506,16,10
1506,264,4.6
1553,264,7.5
1937,200,4.3
1507,189,9.3
1507,189,7.2
1507,399,4.9
1507,189,10
1507,399,10
1507,399,7.1
1558,287,10
1507,20,7.1
952,310,7.5
952,264,3.6
952,362,3.7
952,264,1.9
1982,399,9.3
1507,264,9.3
1507,399,7.1
1506,310,5
1565,200,5
936,200,1.2
477,399,4.3
477,255,10
480,189,7.5
939,22,7.8
478,59,6.9
1025,119,9.3
1929,399,5
1982,264,5.8
1511,264,7.6
1867,119,9.3
1867,119,9.3
1867,119,9.3
1867,119,9.3
1867,399,9.3
1867,189,9.3
1867,119,9.3
1881,20,7.6
1508,119,6.8
1508,189,9.3
1508,264,7.2
1508,119,10
1508,255,2.1
1508,264,2.1
1508,255,4.9
1010,20,5
1508,119,7.2
1508,119,7.8
1508,119,7.5
1508,399,7.8
491,59,6.9
1982,189,9.3
1982,200,7.1
1982,20,10
1508,287,10
1508,189,9.3
1508,399,9.3
1508,264,2.1
1508,362,1.9
1004,200,4.3
1508,16,4.3
1508,94,6.8
481,119,4.3
481,189,4.3
1508,94,4.4
1508,119,4.4
1508,16,5
1508,79,4.3
1508,119,6.8
1508,189,6.8
1508,20,4.3
1508,119,6.8
1508,119,6.8
1508,94,6.8
1508,20,6.4
1917,79,4.3
481,189,6.8
481,20,6.4
481,399,4.3
1868,119,9.3
1868,399,9.3
480,119,6.8
1938,59,4.3
474,189,6.8
1917,20,5
476,189,6.8
481,119,4.3
481,20,6.8
1508,20,6.8
1508,20,6.8
1508,94,6.8
1917,94,9.3
481,399,5
1005,119,9.3
1868,119,9.3
1868,119,9.3
1868,119,9.3
1868,119,9.3
1837,94,9.3
1868,399,9.3
1835,119,9.3
938,200,4.3
938,20,7.1
481,189,6.8
481,399,6.8
481,399,4.3
481,119,7.5
481,399,4.3
475,399,5
1918,20,4.3
1509,264,7.2
1509,119,10
1509,399,4.9
1509,362,7.2
1982,264,9.3
938,264,2.1
938,200,2.1
1907,255,4.3
1910,79,4.3
1910,79,4.3
1907,20,9.3
1910,399,9.3
1910,79,4.3
1907,79,4.3
1910,399,9.3
1907,79,4.3
1982,399,7.1
1910,79,4.3
1910,310,5
1910,20,4.3
1940,94,9.3
1940,200,7.1
1940,200,4.3
1940,399,9.3
1940,79,4.3
1910,200,7.1
1910,94,9.3
1908,189,9.3
1908,200,5
1916,362,1.2
1907,399,9.3
1910,399,9.3
1910,94,9.3
1910,200,7.1
1907,79,4.3
1910,79,4.3
1907,264,2.1
1508,189,6.8
1910,200,7.1
1943,79,4.3
1943,189,9.3
1508,119,9.3
1508,119,6.8
1916,264,7.2
1940,287,6.8
1939,287,6.8
1939,287,6.8
1939,287,5.4
1508,119,9.3
113,399,6.1
1508,399,7.8
1508,134,7.5
1508,255,7.5
1510,119,10
1981,119,9.3
734,264,4.3
1981,200,7.1
2627,310,2.1
1869,119,9.3
1048,119,6.8
938,119,6.8
954,264,2.1
1942,399,4.3
1905,20,5.8
1905,20,5
954,362,4.6
955,119,7.2
954,200,2.1
955,200,5
1869,119,9.3
1869,119,9.3
1511,119,6.8
1511,264,6.4
1511,399,6.8
1947,189,6.8
1511,189,6.8
1511,119,7.2
1514,310,5.4
1511,94,6.8
1511,94,6.8
1559,79,4.3
955,399,7.8
1947,352,6.8
1001,119,9.3
1560,264,5
1511,399,9.3
1514,79,4.3
115,264,6.8
1514,79,4.3
1511,119,6.8
1514,310,4.3
1511,189,6.8
1511,119,6.8
1511,399,7.5
1559,255,5
1513,119,6.8
1560,119,5.1
1511,119,7.5
1514,264,4.9
1514,20,4.6
1513,362,6.2
1473,119,6.8
1472,189,6.8
1511,399,6.8
1511,310,5
1946,79,4.3
1982,20,4.3
1946,399,5
941,310,7.5
1906,310,7.5
476,399,5
1946,119,9.3
1515,119,9.3
1515,119,9.3
948,399,4.6
113,264,2.6
1949,189,9.3
1949,200,4.3
1949,200,4.3
1949,94,9.3
1949,16,4.3
1949,20,9.3
1949,94,9.3
1949,399,9.3
1949,399,9.3
1949,399,9.3
1949,399,9.3
1949,20,4.3
1949,399,9.3
1949,399,9.3
1949,399,9.3
1511,119,6.8
1516,264,7.5
1511,16,6.4
1515,119,6.8
1515,119,6.8
1515,119,6.8
1515,264,6.9
1516,119,6.8
482,399,4.3
482,264,6.9
1516,287,7.2
1516,20,7.8
1562,22,6.8
1562,399,6.5
1562,119,7.5
1516,119,6.8
1511,119,6.8
1516,119,6.8
1516,264,7.2
1562,255,9
1561,264,5
1515,264,9.3
1516,119,6.8
1515,119,6.8
1515,119,6.8
1515,119,6.8
1515,119,6.8
1515,119,6.8
1515,189,6.8
1515,119,6.8
1515,287,5
1559,264,9
1559,200,5
1515,264,7.5
1516,310,5
1515,119,4.3
1841,189,9.3
1838,119,9.3
1841,119,9.3
1871,264,2.1
1006,399,4.3
1006,362,6.9
1516,22,7.5
1515,264,4
1515,264,6.5
1841,119,9.3
1515,264,2.6
1047,399,6.8
1049,189,6.8
1517,352,6
1517,79,4.3
483,264,6.8
1513,119,6.8
1951,79,4.3
1517,264,4.4
1517,59,3.3
2415,94,9.3
1982,264,2.6
1949,200,4.3
2414,200,4.3
2416,399,9.3
2412,264,6.8
112,264,5
1948,399,5
1982,264,5
1941,399,10
1941,94,10
2413,200,5.8
1982,94,9.3
1982,94,9.3
1982,189,9.3
1982,94,9.3
956,20,4.3
956,20,5
1517,79,4.3
1517,22,4.3
1511,287,7.2
1517,134,6.8
1517,310,9.3
1518,310,7.5
1517,20,5
1517,189,7.5
1517,16,3.5
1517,79,3.5
293,255,9.3
1951,200,4.3
1951,399,9.3
2417,264,10
1026,399,9.3
1951,200,4.3
1951,79,4.3
1951,79,4.3
1951,22,4.3
1951,399,9.3
1951,200,4.3
1951,79,4.3
1951,79,4.3
1951,399,9.3
1951,399,9.3
1951,119,9.3
1951,119,9.3
1951,399,9.3
1951,399,9.3
1951,399,9.3
1951,119,9.3
1951,399,9.3
1951,399,9.3
1951,200,4.3
957,200,4.3
1951,264,4.3
1951,119,9.3
1517,189,6.8
1951,399,9.3
1951,310,5
1951,399,9.3
1951,94,9.3
1951,264,4.3
1951,119,9.3
1951,79,4.3
1951,399,9.3
293,79,4.3
1871,119,9.3
1982,399,4.3
483,119,4.3
1951,399,9.3
1951,399,9.3
943,264,5
943,119,6.8
943,119,6.8
943,264,6.9
943,264,4.3
943,264,6.4
1951,399,9.3
1951,399,9.3
2418,255,10
1951,399,9.3
1951,79,4.3
1951,94,9.3
1951,399,9.3
1951,119,9.3
957,362,1.9
1027,119,9.3
1953,79,4.3
1953,399,9.3
944,399,6.8
1953,119,9.3
1953,119,9.3
1953,119,9.3
1953,119,9.3
1953,399,9.3
1953,119,9.3
1953,119,9.3
1953,119,9.3
1953,189,9.3
1953,119,9.3
1953,399,9.3
1512,264,4.9
1953,200,2.6
949,119,9.3
1838,119,9.3
293,200,5
467,119,6.8
1204,287,6.4
1954,264,6.9
1954,399,9.3
1954,20,9.3
170,119,6.8
944,119,6.8
944,119,6.8
944,119,6.8
1870,824,9.3
1518,287,6.8
1955,189,9.3
1518,20,5
1518,22,6
1518,119,6.8
1518,119,6.8
1518,119,6.8
1518,20,5.8
1518,119,6.8
1518,119,6.8
1518,287,4.4
1518,119,7.5
1518,20,9.3
1518,119,9.3
1518,20,7.8
1518,20,7.1
1518,20,6.8
1518,119,6.8
1518,399,4.9
1950,399,7.6
1950,255,4.3
1951,200,4.3
483,59,2.6
483,399,5
2413,264,4.3
1982,264,4.3
1548,189,4.9
485,399,7.9
942,264,6.9
1956,399,10
1956,399,9.3
491,20,6.8
1563,264,6.8
1518,119,6.8
1518,119,6.8
1518,119,6.8
1880,20,6.8
1880,119,6.8
1880,119,6.8
1880,119,6.8
1880,189,6.8
1880,119,6.8
1518,119,6.8
1518,119,6.8
1518,200,4.3
1563,79,3.5
1518,119,6.8
1871,119,9.3
1871,119,9.3
1871,189,9.3
1956,189,9.3
1956,310,5
1956,189,9.3
1956,94,9.3
1956,94,9.3
1956,399,9.3
1956,189,9.3
1956,264,5.8
1956,399,9.3
1956,399,9.3
1956,94,9.3
1956,399,9.3
1956,119,9.3
1956,119,9.3
1956,399,9.3
1956,399,9.3
960,20,4.3
960,264,5.8
960,264,7.2
960,200,4.3
960,119,6.8
1566,264,4.3
1956,119,4.3
1871,189,9.3
1511,189,6.8
1550,200,4
958,362,6.2
1519,134,6.8
1523,399,4
1952,264,5
1028,119,7.6
1028,119,7.6
1028,119,7.6
1028,119,7.6
1028,119,7.6
1028,399,7.6
1028,119,7.6
1028,119,7.6
1028,119,7.6
1028,119,7.6
1028,119,7.6
1028,119,7.6
1028,119,7.6
1028,119,7.6
1028,119,7.6
1028,119,7.6
1028,119,7.6
1028,119,7.6
1028,119,7.6
1028,119,7.6
1028,119,7.6
1028,399,7.6
1028,119,7.6
1028,119,7.6
1028,119,7.6
1028,119,7.6
1028,119,7.6
1028,119,7.6
1028,119,7.6
1028,119,7.6
1028,119,7.6
1028,119,7.6
1028,119,7.6
1028,119,7.6
1028,119,7.6
1028,119,7.6
1028,119,7.6
1028,119,7.6
1028,119,7.6
1028,119,7.6
1028,119,7.6
1028,119,7.6
1028,119,7.6
1028,119,7.6
1028,119,7.6
1028,119,7.6
2413,119,7.5
961,20,4.3
958,20,5
1957,20,5
1957,20,4.3
162,20,7.8
1957,20,4.3
1028,119,7.6
1028,119,7.6
1957,264,5.8
1957,264,4.3
1028,119,7.6
1957,79,2.6
1028,119,9.3
1520,189,4.9
172,134,6.8
1521,119,6.8
1521,119,6.8
1521,119,6.8
1521,119,6.8
276,200,2.1
1521,119,6.8
1521,189,2.1
780,189,6.8
1521,20,7.2
1521,189,5
1520,119,6.8
1527,134,4.4
1880,119,6.8
1880,200,4.3
2180,16,5
785,20,4.3
1028,119,9.3
1028,119,9.3
1520,119,6.8
780,189,6.8
962,200,4.3
1511,399,7.8
1522,200,2.1
1522,119,6.8
1522,20,5.8
1522,189,6.8
1522,189,7.5
1522,189,6.8
1564,22,5
780,119,6.8
780,119,6.8
1522,119,7.5
1522,310,5
1522,119,6.8
1880,189,6.8
1880,119,6.8
1880,189,6.8
1564,399,6.4
1880,119,6.8
293,310,5
780,20,9.3
1960,189,9.3
1960,200,4.3
1960,119,9.3
1960,264,5.8
1960,119,9.3
1960,119,9.3
1960,119,9.3
1525,94,6.8
1960,119,9.3
963,264,7.2
964,20,7.5
1525,119,6.8
1527,119,7.5
1527,200,5
1960,119,9.3
1960,119,9.3
1960,119,9.3
1960,119,9.3
1960,119,9.3
1960,119,9.3
1960,119,9.3
780,119,9.3
1960,79,4.3
1960,200,4.3
1873,119,9.3
1872,119,9.3
1872,119,9.3
1872,119,9.3
1872,119,9.3
1872,119,9.3
1872,119,9.3
1873,119,9.3
1960,119,9.3
1960,119,9.3
1960,119,9.3
1873,189,9.3
1873,189,9.3
1872,119,9.3
1028,119,7.6
1526,264,4.6
1548,16,6.9
2419,399,4.3
1548,59,1.9
1960,119,9.3
2413,189,10
1960,20,7.5
1958,399,6.8
962,189,6.8
162,200,5
1960,119,9.3
1960,119,9.3
1960,119,9.3
1528,264,7.6
1960,20,8.8
1960,119,9.3
2413,189,6.8
2421,20,7.5
1028,119,7.6
1028,119,7.6
1028,119,7.6
1028,119,7.6
1028,119,7.6
1028,119,7.6
1548,264,7.1
1028,119,7.6
1028,119,7.6
1028,119,7.6
1028,119,7.6
1028,119,7.6
1028,119,7.6
1028,119,7.6
1028,119,7.6
1028,119,7.6
1028,119,9.3
1028,119,7.6
1028,119,9.3
1028,119,9.3
1028,119,9.3
1028,119,9.3
1028,119,9.3
1028,119,9.3
1028,119,9.3
486,119,5.1
487,119,5.1
1526,310,2.1
1527,264,7.6
1525,264,4.6
1527,264,2.1
1527,264,2.1
1525,119,6.8
1525,79,2.6
1028,119,9.3
1527,200,4.3
1527,94,6.8
1527,119,6.8
1527,119,6.8
1526,264,5
1526,264,6.8
1527,20,6.8
1527,94,6.8
1961,22,6.8
1961,264,6.8
1961,94,6.8
1028,119,7.6
1028,119,7.6
1028,119,7.6
1028,119,7.6
1028,119,7.6
1028,119,7.6
1028,119,7.6
1961,200,5
1961,79,4.3
1028,119,7.6
940,255,2.1
940,200,5
1875,189,9.3
1874,189,9.3
1874,119,9.3
1874,189,9.3
1875,119,9.3
1028,119,9.3
940,200,2.6
940,79,4.3
940,255,4.3
940,94,4.3
940,264,2.1
161,399,5
940,94,6.8
940,94,6.8
1525,20,4.3
940,79,4.3
161,200,2.6
940,255,2.1
940,200,2.1
940,399,5
940,255,4.3
1526,255,2.1
1526,264,6.5
1526,189,6.8
951,119,9.3
933,264,1.2
951,200,4.3
950,399,7.2
1960,399,7.5
1529,310,4.3
1528,200,4.3
1529,119,6.8
1529,399,6.8
1528,399,6.8
1529,200,4.3
1529,189,7.5
1529,119,7.5
1529,264,6.8
1529,189,6.8
1529,119,7.5
1528,287,7.2
1959,20,4.3
1963,399,7.6
2424,79,4.3
1962,264,5
1876,119,9.3
1964,20,6.4
945,264,5
945,79,4.3
945,79,4.3
945,79,4.3
945,79,4.3
945,79,4.3
1028,119,9.3
1028,119,9.3
1028,119,9.3
1028,119,9.3
1028,119,9.3
1028,119,9.3
1028,119,9.3
1028,119,9.3
1028,119,9.3
1028,119,9.3
1028,119,9.3
1028,119,9.3
1028,119,9.3
1028,119,9.3
1028,119,9.3
1028,119,9.3
1028,119,9.3
1028,119,6.8
1028,119,9.3
1028,119,9.3
1028,119,9.3
1028,119,9.3
1028,119,9.3
1028,119,9.3
1028,119,9.3
1028,119,9.3
1028,119,9.3
1028,119,9.3
1028,119,9.3
1028,119,9.3
1028,119,9.3
1028,119,9.3
1028,119,9.3
1028,119,9.3
1028,119,9.3
1028,119,9.3
1028,119,9.3
1028,119,9.3
1028,119,9.3
1028,119,9.3
1028,119,9.3
1028,119,9.3
1028,119,9.3
1028,119,7.6
1028,119,9.3
1028,119,7.6
1028,119,7.6
1028,119,7.6
1028,119,7.6
1965,200,5
945,20,5
945,189,9.3
945,264,9.3
945,362,6.9
945,264,1.2
945,134,9.3
1965,200,5
1028,119,7.6
1531,362,6.9
1525,119,7.5
1524,200,5
1530,200,4.9
1531,119,6.8
1531,310,6.4
1530,362,6.9
1531,264,2.1
1531,119,6.8
1531,189,6.8
1531,119,6.8
1528,399,6.8
1531,189,7.5
1876,119,9.3
1876,119,9.3
1876,119,9.3
1876,119,9.3
1876,189,9.3
1876,119,9.3
1876,119,9.3
1876,189,9.3
1876,94,9.3
946,119,6.8
946,20,4.3
1531,287,4.3
1966,20,5
1011,119,9.3
1968,79,4.3
1968,264,4.3
1968,264,5
159,310,4.3
1968,119,9.3
1968,119,9.3
1028,119,9.3
1028,119,9.3
1028,119,9.3
1968,119,9.3
1968,119,9.3
1968,119,9.3
1028,119,9.3
1968,119,9.3
1968,119,9.3
1968,119,9.3
1968,119,9.3
1968,119,9.3
1968,119,9.3
1968,119,9.3
1968,119,9.3
1968,119,9.3
1968,200,4.3
1968,119,9.3
1968,119,9.3
1968,119,9.3
1968,119,9.3
1968,119,9.3
1968,119,9.3
1968,119,9.3
1968,119,9.3
1968,119,9.3
1968,119,9.3
1968,119,9.3
1968,119,9.3
1968,119,9.3
1968,119,9.3
1968,119,9.3
1968,119,9.3
1968,119,9.3
1968,119,9.3
1968,119,9.3
1028,119,9.3
1968,20,5.8
1968,264,4.3
1968,20,5.8
1968,200,4.3
1968,79,4.3
1968,20,4.3
1968,264,7.1
2621,264,5
1028,119,9.3
1969,264,4.3
1969,264,4.3
1969,310,4.3
1532,119,7.5
1535,200,2.1
1533,20,6.8
1535,255,4.3
1533,287,5
965,399,6.8
1533,119,4.6
965,200,5
965,200,3.3
965,399,6.8
965,119,6.8
965,264,6.9
965,264,1.9
965,310,6.4
965,200,4.3
965,310,1.9
965,200,2.1
965,264,4.6
965,264,2.1
965,264,3.6
965,264,2.1
965,264,2.1
965,287,1.9
965,264,5
965,264,5
965,119,5
965,310,4.3
965,119,6.8
1970,362,5.1
966,200,5
966,264,3.6
1877,399,9.3
1877,119,9.3
1877,119,9.3
1877,399,9.3
1877,119,9.3
1877,119,9.3
1877,119,9.3
763,20,5.8
484,264,7.2
1967,79,4.3
967,119,6.8
967,119,6.8
967,119,6.8
967,119,6.8
967,119,6.8
967,119,6.8
967,119,6.8
967,119,6.8
967,119,6.8
970,264,5.8
967,119,6.8
967,119,6.8
967,79,2.6
967,20,2.1
163,20,3.6
967,119,6.8
1536,264,4.9
1536,399,6.8
1538,119,6.8
1537,119,6.8
164,200,2.1
968,264,1.9
968,264,2.1
1538,200,1.7
1538,119,6.8
1525,119,9.3
1538,287,2.1
1878,119,9.3
1878,399,9.3
1878,119,9.3
1878,119,9.3
1538,264,4.9
1028,399,6.8
1028,399,6.8
1028,399,6.8
1028,399,6.8
1028,399,6.8
1028,399,6.8
1028,399,6.8
1028,399,6.8
1028,119,9.3
1028,119,9.3
1028,399,9.3
1028,399,9.3
1028,399,9.3
1028,399,9.3
1028,399,9.3
1028,399,9.3
1028,399,9.3
1028,399,9.3
1972,119,6.8
1028,399,9.3
1028,399,6.8
1972,79,4.3
1972,20,4.3
1028,20,4.3
1878,119,9.3
1878,119,9.3
1878,119,9.3
1878,119,9.3
1878,119,9.3
1878,399,9.3
1878,119,9.3
1878,119,9.3
1972,119,6.8
1538,20,6.8
970,119,6.8
970,119,6.8
1540,264,6.8
970,20,5.8
1540,20,4.9
1540,200,2.1
1540,264,3.3
1880,119,6.8
1540,264,5.5
1757,79,4.3
1012,119,9.3
970,119,6.8
970,119,6.8
970,119,6.8
970,119,6.8
970,119,6.8
970,119,6.8
970,119,6.8
970,119,6.8
970,119,6.8
970,119,6.8
970,119,6.8
970,119,6.8
1982,310,4.3
969,20,4.3
1539,264,2.1
969,119,5
969,20,4.6
1539,264,2.1
970,200,4.9
970,20,6.9
932,20,6.2
966,255,5.8
970,119,6.8
970,119,6.8
970,119,6.8
970,119,6.8
970,79,4.3
1974,200,5
970,79,4.3
108,189,5.4
975,264,8.8
158,134,7.5
160,200,4.3
970,264,2.6
970,119,9.3
970,20,7.8
970,189,7.1
970,200,4.9
972,264,3.3
970,264,6.3
970,362,3.7
1201,264,7.2
970,264,4.3
970,200,1.9
970,79,4.3
970,20,4.3
970,264,2.1
970,264,4.3
970,20,7.1
970,264,4.3
970,264,5
970,264,2.1
970,264,4.3
971,264,3.3
971,264,4.4
972,264,2.1
1541,287,6.6
972,362,3.3
1549,264,6.4
1549,16,5
1549,20,6.8
1549,264,1.9
1549,119,6.8
1549,264,3.3
1549,189,7.1
1549,310,2.1
1549,189,4.9
1549,20,6.6
1549,189,4.9
1549,189,4.9
1549,264,5
1549,264,7.5
1549,310,4.3
1549,310,4.3
1549,310,5
1549,200,2.6
1549,399,5.7
1549,310,4.3
1549,264,2.1
1549,264,1.9
1549,264,4
1549,264,5.8
1549,264,4.3
1549,264,2.1
1549,20,4.9
973,255,4.7
1975,119,6.8
1975,119,6.8
1975,119,6.8
1975,119,6.8
1975,119,6.8
1975,119,6.8
1975,264,6.4
1975,119,6.8
1592,190,5
1474,119,4.7
975,264,5
472,59,1.2
1973,310,2.1
1013,310,5.8
1879,119,9.3
1879,119,9.3
1879,189,9.3
1879,119,9.3
1879,119,9.3
1879,119,9.3
1879,119,9.3
1879,119,9.3
1879,119,9.3
1778,415,7.5
226,119,4.7
1542,119,6.8
1542,20,7.5
1542,119,7.5
1549,264,3.6
1542,119,6.8
1542,119,6.8
1549,119,6.8
1542,189,7.5
1542,119,7.5
1542,310,4.3
1542,264,3.3
1542,264,4.6
165,20,5.8
166,20,5.8
1976,119,6.8
1976,119,6.8
1976,119,6.8
166,20,7.8
166,59,6.3
166,20,5.8
975,200,2.1
166,119,6.8
975,264,5
166,119,7.2
166,264,2.1
975,264,1.9
166,264,5.8
975,264,5.8
166,119,7.2
166,119,6.8
166,119,6.8
166,119,6.8
166,119,6.8
166,119,6.8
166,119,6.8
167,287,6.8
167,264,4.3
1977,20,5
1977,119,6.8
1977,119,6.8
1977,119,6.8
1977,119,6.8
1977,119,10
1977,119,6.8
1977,119,6.8
1977,119,6.8
1977,119,6.8
1977,119,6.8
1977,119,6.8
1977,119,6.8
1977,119,6.8
1977,119,6.8
1544,264,10
1543,134,6.8
1544,20,5
1545,200,2.1
1544,20,10
1543,119,6.8
167,200,4.9
1543,264,3.3
1544,200,4.9
1978,119,6.8
1978,119,6.8
168,119,6.8
1978,119,6.8
1978,119,6.8
1978,119,6.8
1978,119,6.8
1978,119,6.8
1978,119,6.8
1978,119,6.8
1978,119,6.8
1978,119,6.8
1978,119,6.8
1978,119,6.8
1978,119,6.8
1979,119,6.8
1978,119,6.8
1978,119,6.8
1978,119,6.8
1978,119,6.8
1978,20,5
1014,264,4.4
976,310,2.1
976,264,4.6
976,264,3.6
976,264,1.9
976,264,3.6
976,399,6.8
168,119,10
168,119,10
168,189,10
168,189,10
976,20,2.1
168,200,5
168,119,6.8
168,119,6.8
168,119,6.8
168,119,6.8
168,119,6.8
168,119,6.8
168,119,6.8
1979,20,4.3
1546,119,6.8
1546,119,7.5
1546,264,4.9
1546,264,10
1545,264,2.1
1546,264,10
1545,264,2.1
1545,264,2.6
1545,264,10
168,119,6.8
168,264,5.5
1980,119,6.8
1980,119,6.8
1980,119,6.8
1980,119,6.8
1980,119,6.8
1980,119,6.8
1980,119,6.8
1547,119,6.8
974,264,4.9
1544,20,6.4
473,79,4.3
488,59,1.2
1547,119,6.8
977,310,2.1
977,362,4.3
977,264,5.8
977,200,2.1
169,200,2.1
977,200,5
977,200,5
977,255,5
169,310,2.9
977,255,5
977,264,2.1
977,264,6.9
169,59,3.6
169,189,6.8
169,119,5.8
169,119,7.1
169,119,9.3
169,119,9.3
169,20,4.3
977,22,1.9
977,362,1.9
169,20,9.3
169,189,9.3
1547,20,9.3
1547,119,10
1547,20,6.9
1547,20,6.9
1547,20,6.9
1547,20,6.9
1547,20,6.9
1547,20,6.9
1547,20,6.9
1547,20,6.9
1547,119,9.3
1547,200,2.1
169,119,9.3
1760,79,4.3
169,200,4.3
169,119,6.9
977,200,4.3
169,119,6.8
169,119,6.8
169,119,6.8
169,119,6.8
169,119,6.8
169,119,6.8
1547,20,6.9
169,20,9.3
169,310,6.8
977,264,4.3
1759,89,7.5
1880,119,9.3
489,59,1.5
490,59,1.9
490,264,5
1548,20,9.3
1029,89,10
296,119,10
1700,79,2.6
1697,189,4.3
440,255,1.9
983,16,5.8
1188,264,10
981,79,4.3
981,200,4.3
1140,264,5
981,79,4.3
2083,264,4.6
2088,264,7.2
1046,59,1.2
1095,119,7.5
2085,200,4.3
1060,16,5
1033,264,5
981,79,4.3
2088,362,4.7
1195,20,4.3
295,310,4.4
1182,119,6.8
2091,94,10
1058,264,10
1168,189,6.8
1168,399,4.3
1169,22,9.3
1193,119,6.8
1079,20,9.3
1155,20,9.3
1610,134,7.2
2088,20,4.9
1138,119,10
2088,362,4.9
1067,287,7.5
1067,94,6.8
528,264,5
2093,189,4.9
1180,264,5.4
1173,264,7.1
1172,264,2.6
1172,264,4
2087,399,4.9
1133,20,2.6
2090,16,4.9
2088,20,7.8
1709,189,6.8
1142,399,5
2088,362,7.6
2090,362,4.7
2083,264,9.3
2088,16,3.5
1113,79,4.3
1115,79,4.3
1115,79,4.3
1115,79,4.3
2100,119,7.5
1104,79,4.3
1104,79,4.3
1104,20,5.8
1145,264,7.8
1150,264,10
2088,20,4.7
2086,264,4.6
2087,362,4.7
2083,200,4.7
1751,119,9.3
1751,134,9.3
2088,264,6.8
2084,78,4.9
1152,264,9.3
1159,264,6.8
1152,119,9.3
1152,119,6.8
1152,264,9.3
1152,264,9.3
1152,119,6.8
1067,79,4.3
1197,79,4.3
2083,287,6.3
2090,264,10
2083,362,4.7
2093,16,6.6
2088,399,6.8
2083,264,4.6
1103,264,7.5
1166,94,9.3
2083,16,7.8
2083,399,7.8
1080,200,5
2093,16,7.8
1119,79,4.3
1051,20,7.5
1053,264,5
1053,22,10
1053,119,10
1052,20,7.5
1053,287,7.5
2083,362,4.7
1127,79,4.3
2088,362,6.9
439,264,7.2
2045,399,4.9
1072,287,9.3
2083,399,4.9
1746,189,7.2
1072,20,7.5
2088,399,7.8
1160,264,9.3
1160,264,6.8
1160,264,8.3
1160,264,4.3
1160,264,10
1165,119,10
1160,264,7.5
1160,264,4.3
1158,20,10
1160,264,10
1165,264,10
1160,200,5
1160,16,7.5
1132,287,6.5
2629,264,7.2
1042,94,7.5
2093,264,7.2
1715,399,4.7
1030,264,10
1743,20,7.2
2088,119,10
2088,189,10
1749,264,7.2
2088,264,7.2
1736,399,4.7
1112,119,10
2088,119,10
786,287,9
1050,200,2.1
1138,20,10
223,264,4.6
2102,362,4
1107,79,4.3
1466,200,4.6
1104,79,4.3
1104,352,6.8
1104,22,7.8
1104,20,6.4
1725,264,5.8
1166,264,10
1166,200,5
1166,200,5
1153,200,7.1
1162,264,7.5
1166,200,5
1166,264,7.5
1162,189,9.3
1166,119,9.3
1166,287,10
1166,119,9.3
1166,189,9.3
1162,119,9.3
1166,119,9.3
2087,310,7.8
1885,264,7.5
1884,200,4.3
1111,264,5
1734,399,5.4
1139,119,9.3
1735,399,5
1733,399,7.2
1740,255,2.1
1740,264,4.6
2078,59,6.9
1741,399,5.4
1111,79,4.3
1748,264,8.5
741,287,5
1740,399,4.9
1727,189,4.9
1071,264,9
1072,264,6
2105,264,10
1745,20,5
1740,362,4.9
1076,200,5
576,264,10
576,264,10
1735,310,4.9
1068,200,5
1740,264,7.2
1724,189,4.9
1099,20,7.8
1707,189,5
1740,399,4.9
1569,79,4.3
1740,399,4.7
1740,264,6.8
1740,264,6.8
1744,399,4.9
1744,362,6.9
2630,59,6.9
1091,79,4.3
1738,399,4.7
1738,399,4.9
1105,310,5
1105,255,5
1105,200,5
1105,264,6.5
1105,264,4
1105,79,4.3
1105,79,4.3
1105,79,4.3
1105,20,9
1105,94,9
1105,264,6.4
1161,16,5
1161,189,10
1161,119,10
1161,119,9.3
1161,119,9.3
1061,189,7.5
1047,94,6.4
1047,16,5.8
1154,20,6.4
1144,399,5
1740,362,4.4
1086,79,4.3
1086,20,5
1740,200,2.1
1094,20,6.8
2599,79,4.3
1191,119,9.3
1191,119,9.3
1189,94,7.5
1088,79,4.3
1110,79,4.3
1708,264,10
1740,255,4.7
1126,79,4.3
1740,200,2.1
1740,362,4.9
1723,399,7.8
1710,119,9.3
1739,399,4.9
1069,79,2.6
1723,264,4.6
1134,79,4.3
1207,362,2.1
1130,200,5
1064,200,7.8
1064,264,10
1740,399,7.8
1166,264,5
1740,362,4.9
1166,264,5
1166,264,7.5
1166,264,7.5
1164,264,7.5
1166,264,10
1064,264,10
1064,264,5
1068,264,2.1
2336,20,4.9
1064,264,6.8
1063,264,6.8
1064,119,5
1065,362,9.3
2330,200,3.5
1740,399,4.9
1712,189,9.3
1712,119,9.3
2088,399,7.8
1740,399,7.1
1730,399,4.9
1740,119,7.2
1712,189,9.3
1712,94,9.3
1740,399,4.9
1194,22,5
2083,16,1.9
1181,94,9.3
1163,264,9.3
1163,119,9.3
1163,119,9.3
1163,119,9.3
1163,119,9.3
1163,119,9.3
1163,189,9.3
1181,310,5
1181,399,5
1181,399,5
1128,119,9.3
1192,264,5
1192,200,7.5
1183,200,7.5
1183,200,7.5
1722,399,7.8
2330,287,7.5
1753,399,4.9
1110,79,4.3
1731,362,7.1
1885,310,7.8
1885,264,4.4
1099,362,6.8
1100,16,5
1711,264,9.3
1740,264,4.6
1129,119,7.5
2087,264,6.8
1131,20,10
1131,119,10
1077,16,4.3
1131,119,7.5
1128,134,7.5
1713,264,9.3
1740,20,4.9
1740,16,7.5
1740,16,7.5
2094,59,3.3
1091,79,4.3
1714,22,9.3
1714,399,9.3
1714,119,9.3
1714,189,9.3
1714,264,6.9
1714,119,9.3
1714,119,9.3
2125,255,2.1
864,16,6.1
867,287,7.1
866,399,7.1
931,119,5
875,20,7.1
106,399,5.5
862,16,9.3
2036,264,7.5
853,399,7.8
292,399,7.8
853,119,7.5
875,20,7.1
2264,287,10
2024,255,7.2
289,20,10
880,264,9.3
851,119,9.3
434,20,5
2366,20,7.1
860,287,4.3
2225,79,4.3
2227,89,9.3
2423,399,5
2325,264,9
2325,287,10
60,255,4.3
462,16,7.8
290,264,5
878,119,9.3
2597,264,10
271,264,5
2205,399,7.8
2205,119,10
905,79,4.3
905,119,6.9
905,200,2.1
905,200,5
905,189,9.3
714,20,7.1
57,20,7.1
715,20,7.8
716,264,6.8
2028,119,10
2276,79,4.3
426,79,4.3
930,119,7.8
2268,200,3.5
2209,89,6.5
2201,119,10
185,255,10
2372,399,4.9
2047,20,7.8
2047,20,7.8
2047,119,10
2047,119,10
2047,119,10
2047,119,9.3
46,119,10
46,79,4.3
2043,20,7.8
2042,255,7.8
2043,287,7.8
855,399,7.1
855,399,7.1
409,399,7.8
529,287,10
1618,200,10
407,200,5.1
421,20,10
2290,20,7.8
1791,264,6.8
2291,20,7.8
2291,20,7.8
2221,399,7.8
2232,399,7.8
2204,20,7.8
2221,20,7.8
2221,20,7.8
2202,20,7.8
2203,20,7.8
406,399,7.8
59,20,7.8
59,20,7.8
59,399,7.8
59,264,7.8
846,16,7.8
2230,20,7.8
2226,264,5
266,79,4.3
2017,399,7.5
1210,20,7.8
2229,287,5
66,399,7.1
66,20,7.1
66,200,7.1
2400,119,9.3
851,399,7.8
852,20,5.1
851,264,8.5
851,264,8.5
863,16,9.3
880,20,7.8
880,20,7.8
880,20,7.1
2304,287,5.8
196,287,4.3
67,399,7.8
1702,20,7.8
880,79,4.3
851,352,9.3
1212,255,10
2616,200,10
2616,119,9.3
2271,20,7.1
2305,79,3.5
2305,399,7.1
2305,264,4
905,310,6.8
2612,79,4.3
197,20,4.3
993,310,4.3
993,255,4.3
993,352,6.8
993,352,6.8
2233,20,4.3
23,20,6.1
23,20,7.8
23,20,7.8
286,264,9
869,79,4.3
869,352,6.8
1579,287,9
177,22,9
183,255,10
183,255,10
178,255,10
43,16,10
38,94,7.8
883,399,7.8
408,200,9
2234,255,9
883,399,7.1
881,264,7.1
43,310,7.8
2278,79,3.5
919,119,3.3
66,287,7.8
66,264,4.3
414,22,10
992,79,4.3
1784,399,7.8
287,399,7.8
287,399,7.8
872,399,7.1
63,79,4.3
63,79,4.3
56,79,4.3
2117,79,4.3
2617,200,5
2617,200,3.5
2617,79,4.3
2617,22,7.8
2617,22,7.8
2615,310,7.8
2614,352,6.8
2322,200,6.8
468,22,9
468,79,3.5
872,16,5.4
918,20,4.3
919,264,3.3
2613,352,6.8
883,264,4.3
884,287,7.1
2251,119,7.6
2390,119,9.3
2390,119,9.3
2390,119,9.3
2390,119,9.3
2390,119,9.3
2390,119,9.3
106,310,7.8
471,310,3.3
45,200,5
66,264,6.5
198,79,4.3
198,264,10
198,264,5
198,399,7.8
198,20,7.8
198,119,10
198,20,7.8
153,59,3.3
2022,264,2.1
71,399,5
904,399,7.8
904,399,7.8
904,399,6.8
422,119,10
2279,89,9
2277,255,6.4
2276,264,8.5
2029,22,6.8
2029,89,6.5
2019,79,4.3
510,255,10
510,264,8.5
511,200,7.1
2593,264,5
886,399,7.1
886,310,7.8
859,399,7.8
2020,20,9.3
1831,264,9
1899,79,4.3
1577,255,10
1577,255,9.3
1577,255,9.3
1577,264,10
1782,20,7.8
1782,20,7.8
1782,20,7.8
445,79,4.3
445,200,5
2182,20,5
1782,20,7.8
1781,20,7.8
1781,20,7.8
1781,399,7.8
1783,20,7.8
991,310,5
493,22,7.8
782,264,10
460,264,7.5
42,20,7.5
454,22,7.8
1986,352,6.8
1986,287,6.4
1986,255,5
1209,79,2.9
42,20,7.5
720,20,7.8
2586,89,9
893,20,7.8
894,399,7.8
2294,399,7.8
2294,20,7.8
2593,264,9
2593,264,9
2303,200,2.1
2303,255,10
2303,16,10
2303,310,10
2303,119,7.8
2303,119,7.8
2303,200,7.1
2589,79,4.3
2587,79,4.3
2302,79,4.3
2593,264,9
2593,264,5
921,20,5
415,119,10
2298,94,8.5
2299,255,10
2239,78,6.8
789,119,10
2392,119,9.3
2392,119,9.3
2392,119,9.3
2392,119,9.3
2392,119,9.3
2398,119,6.8
2299,310,4.9
2299,255,4.9
2298,310,6.4
2298,310,5
196,200,5
71,399,7.8
904,399,7.8
71,399,7.8
71,399,7.8
71,399,7.8
71,264,9
71,399,6.8
71,399,5
71,264,7.5
71,20,7.8
71,264,9
71,399,7.8
904,399,7.8
904,399,7.1
904,310,4
904,399,7.8
76,264,7.8
76,287,5
871,264,6.4
1214,119,7.8
2133,255,10
13,399,7.8
2029,94,10
2154,78,10
2154,78,9
2154,78,9
2156,78,9
2155,200,10
2156,399,7.8
2154,78,8.3
73,119,7.9
2139,287,7.5
2139,78,10
2147,78,10
2143,287,10
2143,287,10
2149,94,9.3
2143,264,8
2143,399,7.8
2143,399,7.8
2144,399,7.8
2148,399,7.8
2148,287,7.5
76,399,7.8
76,399,7.8
75,399,7.8
75,264,7.8
2022,20,9.3
2022,20,9.3
887,310,10
2237,399,7.8
921,399,7.8
887,399,7.8
895,399,7.8
851,399,7.8
920,399,7.8
2014,255,5
2288,79,4.3
2288,89,7.5
417,79,4.3
2288,79,4.3
1608,264,5
417,22,6.8
2269,264,6.6
2269,264,6.6
2237,399,7.1
2237,22,6.5
2237,89,8.5
2240,89,6.4
1575,255,10
858,399,7.8
887,362,5.4
2269,264,1.5
861,399,7.8
2241,200,10
1903,16,9.3
1903,94,9
1903,200,5
453,399,7.8
922,399,7.8
444,255,10
145,20,7.6
148,20,9.3
146,264,7.2
419,200,5
861,399,7.8
861,399,7.8
904,200,5
82,399,4.9
458,399,7.8
2237,399,7.8
904,16,5
2135,119,9
2145,79,3.5
2103,79,4.3
1904,89,5
1904,264,9
2150,255,10
2227,399,7.8
2237,399,7.1
2256,264,6.8
887,399,7.8
1638,264,5
2259,20,5
2062,264,7.5
2062,94,6.5
887,20,5.4
887,399,7.8
895,399,7.8
887,399,7.8
851,399,7.8
851,399,7.8
277,20,5
81,20,5
1040,399,7.8
2292,399,7.8
887,264,3.6
768,255,10
2012,352,6.8
2174,79,4.3
922,20,7.8
722,399,7.8
722,287,7.8
82,287,7.9
82,399,7.8
82,399,7.8
82,399,7.8
82,399,7.8
82,399,7.8
82,399,7.8
1609,22,7.8
81,200,4.3
420,94,9
2211,22,7.8
2012,79,4.3
2328,399,7.8
2404,119,9.3
2404,119,9.3
2076,352,9.3
83,20,7.8
887,20,5.4
2588,200,4
897,20,5
887,20,5.4
2236,399,5.4
847,287,5
1628,399,7.8
887,20,6.3
2281,200,5
418,94,4.3
267,399,7.8
267,89,6.8
1213,16,7.5
1215,16,7.5
2136,264,10
1208,119,9.3
512,94,9
2163,399,7.8
2163,399,7.5
2074,287,5
81,287,5
2278,89,6.5
887,20,5
887,20,5
994,79,4.3
1627,399,7.8
74,20,7.1
74,20,7.1
83,20,7.8
83,20,7.8
84,119,9.3
428,399,7.8
887,399,5
928,264,5
888,264,4.3
2075,94,9
2075,264,7.8
2075,22,9
2308,264,9
2310,399,7.8
17,399,7.8
18,399,7.8
18,399,7.8
18,264,9.3
81,189,7.8
887,310,7.8
887,399,7.1
887,399,7.8
887,264,8.5
887,20,7.8
887,310,7.8
887,399,7.8
887,399,7.8
887,399,7.8
887,399,7.8
887,399,7.1
2252,264,6.5
887,399,7.8
887,399,7.8
887,119,5.4
887,362,7.1
887,284,6.1
2267,94,4.6
2405,119,9.3
2405,119,9.3
2405,119,9.3
284,362,6.3
2256,119,5
1573,119,5
278,264,5
887,119,3.5
531,399,5
2427,200,5
1630,119,5
887,200,4.3
208,20,6.1
887,20,5
149,119,3.5
81,399,7.8
74,200,4
2140,94,8.3
211,20,7.8
928,20,5
148,20,9.3
148,20,4.3
148,20,4.3
143,20,6.8
150,287,4
149,310,5.8
149,310,4
1985,79,4.3
2394,119,9.3
2408,119,9.3
2408,119,9.3
2408,119,9.3
2408,119,9.3
2312,399,7.8
887,20,5.7
180,362,7.1
2158,78,8.3
2157,78,9
2146,78,9
851,399,7.8
151,200,5
847,399,5
847,119,5
769,352,6.8
887,119,5
179,399,5
1039,119,7.8
2407,119,9.3
2407,119,9.3
2407,119,9.3
2407,119,9.3
2407,119,9.3
2407,119,9.3
898,264,5
2242,20,7.8
887,399,7.1
2252,20,4.3
2252,310,5.8
2252,255,5.8
1636,78,7.2
1636,20,6.8
1636,264,6.8
2252,287,8.5
2252,20,5
2252,119,4.6
2252,20,6.8
2252,119,4
2252,352,6.8
2252,20,5
2252,77,5.1
2252,20,5.1
2252,255,4.3
2252,20,6.6
1633,264,4
1636,20,5
2252,20,5.8
2252,20,4.6
2252,119,5.4
2252,20,5.5
2252,20,6.2
1636,20,4.3
1636,20,5
1636,20,4.3
2252,20,6.8
2252,20,6.8
2252,22,6.6
2252,20,4.6
2252,264,6.8
2252,264,4.6
2252,78,6.8
2252,20,6.8
2252,20,6.8
2252,20,6.8
2252,264,6.8
2252,264,4.6
2252,310,5.8
2252,310,5.8
2252,200,4.3
2252,20,5.8
1636,264,6.8
1636,20,6.2
1636,22,4.6
1640,22,4.6
2252,264,6.8
1636,264,6.2
887,20,7.1
887,399,7.8
887,399,7.8
12,399,7.8
887,399,7.8
911,399,7.1
887,20,7.8
199,399,7.8
84,399,7.1
902,189,4.3
2021,20,9.3
891,287,5
77,287,7.1
84,119,7.8
84,119,9
83,119,7.1
83,119,7.1
208,20,6.8
891,287,6.4
856,399,6.8
290,264,4.6
857,399,4.3
896,119,5.4
24,362,5.4
2283,119,7.8
1810,264,10
86,399,7.8
2012,20,5
899,20,4
2175,264,5
2266,20,6.8
80,264,6.3
208,20,6.1
766,79,4.3
1817,79,4.3
18,352,6.8
18,79,4.3
105,119,6.1
1607,79,4.3
1816,20,10
74,20,6.3
1633,399,4.9
1832,79,4.3
2389,20,5.8
850,399,5.4
18,264,9
2410,200,4
2411,264,4
2411,352,6.8
2411,264,4
214,264,9
279,20,5
2215,79,4.3
2315,79,4.3
2393,119,9.3
2393,119,9.3
2406,119,9.3
2406,119,9.3
2406,119,9.3
2315,352,6.8
1636,399,5.4
1633,20,5
2278,79,4.3
1616,310,5.8
182,20,6.8
2280,352,6.8
2312,399,5
144,264,6.8
2215,79,4.3
2244,20,7.8
2244,287,7.1
1807,20,7.1
850,399,4.6
2295,119,7.8
86,119,5
437,264,4
2037,200,4.3
2592,119,6.1
887,362,7.8
887,119,7.1
887,399,7.8
887,399,7.8
887,119,7.8
887,119,7.8
887,119,7.8
88,287,7.8
86,20,7.1
721,287,7.8
1806,22,5
1806,79,4.3
1806,79,4.3
1806,79,4.3
1806,79,4.3
1041,20,6.3
927,20,5
451,89,7.5
208,20,7.8
208,20,7.8
208,22,7.1
2286,264,9.3
1817,255,7.5
451,79,4.3
152,20,6.6
152,119,6.6
752,119,5
2141,20,7.1
1619,89,7.5
452,119,8.3
1572,119,9
1572,119,9
1629,20,7.8
2253,264,9.3
2253,119,10
2253,20,7.8
2253,200,9.3
2253,287,7.5
1038,20,5
2250,287,5
2197,20,5.7
2252,264,5
1633,264,7.1
70,20,9.3
72,200,5
72,264,5
182,20,6.8
2289,20,6.8
2255,79,4.3
68,362,4.9
2013,287,6.8
200,20,5.4
927,399,5
2401,287,4.3
1636,310,5.8
1636,287,5
1636,119,5.4
1636,287,5
1627,310,5.8
1627,399,5
2260,264,5
72,264,6.8
927,200,4
850,119,6.8
190,119,7.8
2262,16,10
2262,16,7.8
2262,20,7.8
2262,22,7.8
2262,264,7.8
1633,119,6.1
2215,79,4.3
1037,310,4.3
2138,20,5
2215,119,5
2401,20,5
2401,20,5
927,119,4
2152,20,7.8
2250,20,4.6
15,287,6.3
2296,399,5
190,119,7.8
2410,79,3.5
2410,20,4
2153,399,6.8
1813,79,4.3
1205,119,2.6
208,20,7.8
1211,352,6.8
1806,79,4.3
2327,20,4.3
2167,399,7.8
2170,20,7.8
2165,264,8.3
2007,200,4
752,399,5
64,20,7.8
989,94,9
989,94,9
989,399,7.8
990,399,7.8
1807,399,7.8
1807,399,7.8
1807,399,7.8
1807,399,7.8
2410,352,4.3
1037,20,5
1818,79,4.3
456,352,6.8
456,79,4.3
2250,352,6.8
1806,200,5
505,119,6.6
1627,20,6.8
2249,94,6.5
2249,89,7.5
2164,264,4.3
2044,20,6.8
2039,264,5
2337,264,6.8
1806,255,4.3
848,119,7.8
2249,89,6.5
766,79,4.3
72,79,4.3
85,119,7.8
2287,79,4.3
2327,287,5
2215,399,6.8
2285,79,4.3
766,352,6.8
2013,79,4.3
2013,79,4.3
2013,79,4.3
2013,352,6.8
2391,264,4
2275,264,5
2013,200,4
2326,22,7.8
2326,287,9
2326,287,7.8
2265,399,5
850,264,5
2287,89,6.5
2285,264,5
2287,79,4.3
2287,79,4.3
104,119,5.4
2250,200,4
2427,20,10
176,78,9
765,264,5
509,20,5.8
2401,264,4
2250,352,6.8
2250,352,6.8
2246,399,7.8
2159,255,10
575,255,5
575,22,5
72,119,7.1
2235,399,7.8
2244,399,7.8
2244,399,7.1
2249,119,8.5
72,264,4.3
927,119,4.6
2011,287,9.3
2253,399,4.6
2273,20,7.8
1589,200,5
927,20,5
766,255,4.3
2250,352,6.8
1808,287,7.8
2592,119,6.3
850,119,7.1
2013,20,5
738,352,6.8
887,20,7.1
887,399,7.8
887,362,7.8
887,20,7.8
887,20,7.8
887,20,7.8
887,20,7.8
887,20,7.8
887,20,7.8
887,20,7.1
1815,264,4.3
2079,79,4.3
1811,78,10
1811,200,7.8
1815,20,5
2079,264,5
1811,200,7.8
2079,310,5
2337,20,6.8
2284,352,6.8
2284,79,4.3
1636,20,6.3
849,287,4.3
927,20,5
1576,79,4.3
1576,79,4.3
1576,264,5
924,399,7.8
766,79,4.3
766,79,4.3
723,264,6.6
88,310,7.1
88,20,7.1
88,264,10
91,287,4.3
91,287,10
88,362,7.1
91,119,7.1
88,119,7.8
2142,399,6.3
2215,89,5.5
2592,79,4.3
766,264,5
285,264,6.8
770,20,4.3
770,79,4.3
770,89,6.5
2275,20,7.1
850,20,5.7
2250,22,4
2401,20,6.8
767,78,9
767,287,5
2275,20,5
2275,20,6
2307,22,4
2323,255,6.4
2013,20,5
456,20,7.8
766,264,5
766,20,6
766,399,6.8
766,79,3.5
92,399,8.5
208,20,7.8
72,399,5.4
208,20,7.8
208,20,7.8
208,20,7.8
850,264,4.3
2252,20,4.6
72,119,6.3
457,264,6.4
887,399,7.8
2429,22,7.5
2250,119,4.3
1626,264,6.8
2176,255,10
147,119,6.8
94,20,5.4
69,20,5
1806,119,5
2037,79,4.3
1806,119,5
926,119,4.3
1637,119,5
78,399,5.4
90,20,7.1
90,20,6.4
1636,20,6.1
2592,20,6.8
2274,264,6.6
898,20,6.8
2401,255,4
2245,22,6.3
2245,20,6.9
1809,79,4.3
89,119,6.8
914,399,6.3
27,119,5.4
850,20,4.3
2013,264,4
72,20,7.1
2592,264,4.3
2592,119,5
927,20,5
1705,20,5
1705,20,4.3
1705,20,7.1
909,399,7.1
850,20,6.1
909,20,5.4
94,399,4.3
436,264,5
2411,200,5
2411,352,6.8
2409,79,4.3
2409,20,5.8
2397,79,4.3
2397,79,4.3
2397,79,4.3
2411,79,4.3
2397,264,3.5
2411,264,5
2411,20,5.8
2409,20,5.8
2411,200,5
2411,20,4.3
2397,200,5
2411,20,5.8
2411,200,5
2411,200,4.3
2013,79,4.3
1641,22,4.6
534,352,6.8
2245,200,4
909,287,5.4
913,20,5.4
1641,20,4.3
2296,89,6.5
2250,310,5
1984,352,8.3
2016,264,10
2016,264,9
2015,20,10
464,264,4.9
464,79,4.3
65,20,4.3
464,20,4.3
65,20,4.3
464,20,4
2245,264,4
2275,20,5.4
1902,78,10
2137,20,7.1
2161,94,8.3
2173,20,7.1
2013,79,4.3
2307,399,6.8
766,264,4
1036,22,4.3
2013,264,6.3
2013,79,4.3
209,264,5
1576,79,4.3
1576,20,5.8
1576,264,4
2324,79,4.3
2327,287,6.8
2172,255,6.4
1636,264,6.8
1636,20,5
2013,264,5.5
1814,20,9
765,79,4.3
770,79,4.3
2401,264,4.9
494,255,10
1633,20,4.6
411,264,5
2248,264,6
438,255,5
2595,399,7.8
2592,362,10
2592,399,7.1
2592,399,7.1
2592,399,7.8
2592,399,7.8
2399,200,5
2198,255,9.3
723,362,7.1
986,20,7.1
986,264,7.8
986,20,7.1
2297,264,10
2250,287,5
2250,79,4.3
2223,20,4
2250,287,5
2223,89,7.5
2250,89,7.5
2223,89,7.5
2250,89,7.5
2254,20,6.8
2224,264,5
2224,287,5
2224,287,5
2224,89,7.5
2224,79,4.3
2224,352,6.8
2272,287,4.3
72,287,4.3
72,287,4.3
2224,352,6.8
2224,310,6.2
2224,20,6.2
2224,287,5
2260,352,6.8
2260,200,4
2224,20,6.8
2260,264,4
847,20,6.8
2218,79,4.3
900,20,7.8
887,20,7.1
887,20,7.8
887,20,7.8
887,20,7.1
887,20,7.8
887,20,7.8
530,79,4.3
530,352,6.8
530,20,4.3
530,20,4.3
1819,79,4.3
456,264,8.5
72,79,4.3
752,20,5
752,20,5
290,399,7.1
2311,79,4.3
88,264,8.5
88,20,8.5
88,287,5
88,20,7.1
850,399,6.1
2395,119,7.8
2395,119,9.3
2395,119,9.3
2395,119,9.3
2395,119,9.3
2381,20,4.3
2032,20,4.3
1705,119,4
927,20,6.1
2307,22,4
79,20,4
72,399,5
443,20,5
2162,20,7.1
2162,20,7.1
2162,20,7.8
2162,20,7.8
2162,20,7.8
2162,20,7.8
2168,20,7.8
2168,20,7.8
2168,20,7.8
2168,20,7.8
2166,20,7.8
2168,20,7.8
2168,119,7.6
2171,20,9
2169,94,9
2169,119,10
2168,119,6.6
2168,264,7.2
2168,20,7.8
212,399,7.1
2258,20,4
72,287,6.8
72,20,6.1
208,20,6.3
2250,20,5
2250,200,4
2401,352,6.8
227,352,6.8
227,79,4.3
2301,79,4.3
2300,20,4.3
2301,20,6.8
456,20,4.3
2425,94,9.3
2212,264,9
2214,255,10
2396,200,5
1639,264,7.1
294,119,7.6
902,20,4.3
901,20,5.4
93,20,6.3
2031,79,4.3
2034,79,4.3
2034,352,6.8
2199,20,5
912,20,6.8
927,20,5
927,20,5
2190,20,6
850,20,6.1
2160,310,4.3
770,89,6.5
770,399,4
2219,287,4
2215,264,5
2219,264,5
2219,264,4
2215,264,5
2219,264,4
2219,20,5.8
208,20,6.1
2428,20,5
2401,264,5
2250,89,4
456,79,4.3
910,264,4.8
2592,20,5.7
2250,20,5.5
2401,264,4
1641,287,4.8
2402,200,4
435,264,4
435,255,4
850,20,6.8
2213,264,7.5
2402,200,5
2402,310,5.8
2401,200,4
2401,200,5
2402,352,6.8
520,20,10
211,20,6.4
850,264,5
2397,20,4.3
2397,119,5.1
2104,287,6.9
2104,79,4.3
2250,79,4.3
2250,20,4
2222,22,5.5
2250,20,4
2222,22,6.8
211,20,5.7
211,20,6.1
2258,22,4
2151,79,4.3
2263,79,4.3
2033,89,6.5
887,20,7.8
2296,400,5
1812,79,4.3
1634,264,5
210,20,4.3
2313,264,9
211,20,4.6
2313,89,6.5
2217,20,6.8
2222,20,8.5
2215,89,6.5
2403,22,4
1630,200,5
926,20,4.3
2193,79,4.3
2193,264,5
2193,20,6.3
14,399,5.4
787,20,5
435,20,4
435,264,4
435,200,5
436,20,4.3
925,399,7.1
887,20,7.8
915,119,7.8
915,119,7.8
887,78,7.8
887,78,7.8
887,399,7.8
887,78,7.8
887,119,7.1
2162,399,7.8
2247,79,3.5
410,79,4.3
926,20,5
926,20,4
926,20,5
1620,20,6.1
2220,399,5
188,89,7.8
189,399,7.8
189,399,7.8
188,362,7.8
188,399,7.8
188,399,7.8
188,399,7.8
98,20,6.8
87,20,6.8
97,20,8.3
97,20,4.3
95,16,5
211,264,7.5
72,200,5
96,94,5.5
2401,200,4
848,287,5
909,310,5
909,310,4.3
412,310,5.4
