448,119,7.8
448,20,7.8
448,399,4.9
448,20,7.1
448,119,4.6
448,399,2.1
448,399,5
448,476,5
448,264,3.6
448,399,5
448,264,4.6
448,399,2.1
448,399,4.6
448,399,2.1
448,20,2.1
448,399,2.1
448,399,2.1
448,264,2.1
448,399,2.1
448,264,4.6
448,264,5
448,264,5
448,399,4.9
448,399,6.6
448,399,4.9
448,200,4.9
448,189,7.8
448,399,4.9
448,189,6.9
448,362,4.7
448,399,5
448,20,4.9
448,119,10
448,20,4.9
448,264,3.6
448,399,4.9
448,20,4.9
448,119,9
448,20,7.8
448,399,4.6
448,399,5
448,399,7.8
448,399,4.9
448,399,4.9
448,264,7.5
448,399,4.6
448,399,2.1
448,17,1.2
448,189,4
448,119,7.5
448,399,7.5
448,399,7.8
448,362,6.9
448,119,6.9
448,399,4.4
448,119,4.9
448,399,4.9
448,20,4.7
448,20,7.8
448,189,2.1
448,399,4.9
448,119,4.6
448,16,5
448,189,7.8
448,20,4.9
448,264,4.4
448,200,1.9
448,399,6
448,310,6.8
448,20,7.8
448,264,7.2
448,189,7.1
448,59,6.9
448,264,4.9
448,399,4
448,399,4.9
448,399,7.8
448,119,6.8
448,189,7.2
448,119,6.9
448,119,7.2
448,16,2.1
448,200,7.2
448,264,2.1
448,399,7.8
448,399,4.7
448,399,7.2
448,20,2.1
448,20,2.1
448,59,4.4
448,119,7.8
448,200,4.9
448,94,7.2
448,20,2.1
448,362,6.9
448,399,4.9
444,119,4.1
448,94,6.9
448,399,7.2
450,94,7.5
448,399,7.8
448,264,3.6
448,189,7.2
448,362,4.7
448,20,4.9
448,20,7.8
448,20,7.2
448,189,4.9
448,264,6.9
445,20,5
445,20,7.8
448,399,4.9
448,119,7.2
448,189,6.6
448,399,4.9
448,189,7.1
448,119,10
448,264,7.2
448,189,7.8
448,264,4.6
448,264,2.1
448,399,4.9
448,189,4.9
446,200,4
448,399,4.9
448,399,4.7
448,264,4.9
448,119,7.2
448,119,9.3
448,200,4.7
448,264,4.6
448,399,4.9
448,362,4
448,119,8.3
448,20,4.9
448,200,4.7
448,264,4.6
448,287,7.8
448,20,7.8
448,119,7.8
448,20,7.8
448,119,7.8
448,399,7.8
448,399,4.9
448,119,10
448,362,6.9
448,399,4.9
448,119,4.9
448,399,1.9
448,189,4.7
448,119,7.2
448,399,4.9
448,399,4.9
448,264,7.2
448,264,2.1
448,20,7.2
448,399,4.9
448,119,10
448,399,4.9
448,189,4.9
448,119,4.9
448,264,2.1
448,264,2.1
448,20,4.9
448,20,4.9
448,399,4.9
448,20,4.9
448,189,4.9
448,264,3.6
448,264,3.6
448,20,4.7
448,399,4.7
448,399,4.7
448,16,4.9
448,16,4.4
448,264,4.9
448,16,4.9
448,189,5
448,119,7.8
448,20,4.9
448,264,4.4
448,264,4.6
448,362,4.9
447,119,7.8
448,119,7.8
448,362,6.9
448,264,4.4
448,119,7.1
448,264,4.4
448,16,7.2
448,119,6.9
448,20,4.9
448,362,1.9
448,20,4.9
447,119,6.9
448,119,6.9
448,189,7.2
448,200,2.1
447,119,7.2
448,119,7.2
447,119,7.2
447,119,7.2
447,399,7.8
448,264,7.8
447,399,7.1
448,189,4.9
448,200,4.9
448,200,4.9
448,200,4.9
448,399,4.9
448,200,4.9
448,119,4.9
448,310,7.8
448,119,7.8
448,264,4.6
448,399,7.2
447,362,6.9
448,264,1.9
448,200,4.9
448,399,7.8
448,20,4.9
448,287,7.8
447,310,4.6
448,189,7.2
448,20,4.9
448,264,7.1
447,264,7.2
448,399,7.8
448,399,4.9
448,264,6.6
448,264,6.6
447,119,7.2
448,119,7.2
448,119,7.8
448,399,4.9
448,362,7.1
448,20,7.8
448,264,7.2
448,399,4.7
448,399,7.2
448,20,7.8
448,189,7.1
448,399,7.1
448,362,4.7
448,264,2.1
448,399,7.8
448,264,6.5
447,16,6.8
447,399,4.9
448,20,4.9
448,399,4.7
448,20,7.8
448,399,4.7
448,119,7.1
448,189,7.1
448,399,7.8
448,264,6.9
448,20,7.1
448,399,7.1
448,399,4.9
448,362,1.9
448,264,1.9
448,119,5
448,399,2.1
448,200,2.1
448,264,4.6
448,264,1.9
448,264,4.6
448,20,1.9
448,94,7.2
448,20,7.8
448,189,7.2
448,119,7.2
448,20,10
448,119,10
448,264,6.3
448,189,4.7
448,362,6.9
448,189,7.2
448,200,1.9
448,399,4.9
448,399,2.1
448,200,7.9
448,20,2.1
448,399,4.9
448,189,3.3
448,189,7.2
448,20,7.2
448,20,6.2
448,189,4.7
448,189,4.9
448,399,2.1
448,399,4.9
448,119,7.2
448,119,7.2
448,200,4.9
448,200,2.1
448,200,4.9
448,189,1.9
448,189,6.6
448,189,4.7
448,264,4
448,399,2.1
448,399,4.6
448,20,8.3
448,119,6.9
448,399,4.7
448,264,4.9
448,399,4.9
448,189,6.9
448,200,2.1
448,189,7.2
448,399,7.8
448,119,4
448,200,1.9
448,200,1.9
448,200,1.9
448,399,4.9
448,200,1.9
448,20,7.2
448,200,1.9
448,200,1.9
448,200,1.9
448,200,1.9
448,200,1.9
448,200,1.9
448,200,1.9
448,200,1.9
448,200,1.9
448,200,1.9
448,200,1.9
448,200,1.9
448,189,6
448,200,2.1
448,189,6.9
448,399,4.9
448,189,4.7
448,399,4.7
448,189,7.8
448,189,4.9
448,399,4.9
448,189,4.9
448,399,4.9
448,362,4.7
448,399,4.9
448,399,4.9
448,399,6.1
448,20,4.9
448,264,6.2
448,399,7.1
448,264,2.1
448,264,6.9
448,200,1.9
448,362,7.1
448,119,6.9
448,189,2.1
448,200,5
448,200,2.1
448,189,6.9
448,119,4.6
448,200,1.2
448,119,6.2
448,399,4.7
448,399,6.1
448,264,1.9
448,20,2.1
448,189,6.9
448,362,5.7
448,200,2.1
448,200,2.1
448,119,6.2
448,399,5.7
448,399,4.7
448,20,2.1
448,399,4.9
448,119,4.9
448,20,4.9
448,189,7.2
448,20,6.9
448,119,7.2
448,264,2.1
448,264,3.6
448,119,1.9
448,200,1.9
448,20,5.4
448,20,2.1
448,399,4.9
448,399,4.9
448,399,4.9
448,200,2.1
448,200,2.1
448,20,2.1
448,20,6.9
448,200,2.1
448,200,2.1
448,200,2.1
448,200,5
448,189,4
448,119,7.2
448,399,4.7
448,189,6.9
448,20,7.2
448,119,4.9
448,20,4.6
448,189,4.9
448,20,4.9
450,399,3.3
450,264,3.3
448,189,6.9
448,189,6.9
448,399,4.7
448,20,4.9
448,189,6.2
448,362,5.4
448,189,7.8
448,119,5.6
448,264,3.3
448,20,6.9
448,119,7.2
448,362,4
448,399,7.8
448,264,2.1
448,189,2.1
448,189,2.1
448,264,2.1
448,264,7.2
448,20,4.9
448,399,4.9
448,200,1.9
448,200,2.1
448,264,2.1
448,189,4.9
448,189,8.3
448,119,7.2
448,20,4.9
448,189,4.9
448,119,4
448,399,4.9
448,189,4.9
448,119,2.1
448,20,4.9
448,399,5.7
448,264,4.9
448,189,4.9
448,399,4.9
448,20,4.9
448,189,10
448,189,4.9
448,119,4.9
448,119,5.4
448,20,5.4
448,20,4.9
448,119,6.9
448,264,4
448,119,4.9
448,189,4.9
448,264,2.1
448,264,4.9
448,264,4.6
448,189,4.6
448,20,2.1
448,399,7.1
448,119,7.2
448,189,4.9
448,20,7.8
448,20,6.4
448,264,7.2
448,189,4.9
448,189,7.2
448,264,6.9
448,399,4.9
448,399,7.8
448,20,4.9
448,16,4.9
448,264,4.9
449,362,3.3
448,264,5.2
448,399,5
448,399,4.9
448,189,7.1
448,119,5.2
448,264,4.9
448,264,7.2
448,119,5
448,399,4
448,20,7.2
448,119,6.9
448,264,1.2
448,264,7.2
448,362,4
448,189,4.6
448,189,4.9
448,189,4.9
448,399,4.9
448,20,2.1
448,119,4.7
448,119,5
448,119,7.6
448,189,7.8
448,200,2.1
448,399,5.6
448,362,6.2
448,287,1.9
448,362,5.4
448,20,4.9
448,399,6.6
448,362,1.9
448,200,2.1
448,264,4.6
448,189,4.7
448,310,4
448,310,4
448,200,2.1
448,200,1.9
448,200,1.9
448,200,1.9
448,200,1.9
448,200,1.9
448,200,1.9
448,200,1.9
448,200,1.9
448,200,1.9
448,200,1.9
448,200,1.9
448,200,1.9
448,200,1.9
448,399,7.8
448,20,4.9
448,264,4.9
448,200,2.1
448,20,4.9
448,20,5.2
448,399,5.2
448,189,6.2
448,119,4.9
448,264,6.2
448,20,4.9
448,119,4.7
448,119,6.6
448,200,1.9
448,362,6.9
448,189,7.2
448,264,3.6
448,20,7.2
448,399,6.2
448,119,4
448,362,4.7
448,119,6.8
448,399,6.8
448,20,6.2
448,20,4.6
448,20,6.9
448,20,6.2
448,264,7.2
448,119,6.9
448,200,4.7
448,119,4.4
448,20,6.9
448,264,2.1
448,264,4.7
448,264,1.9
448,264,3.7
448,264,6.9
448,399,7.8
448,119,4.7
448,189,7.2
448,119,4.9
448,20,3.8
448,399,2.1
448,20,4.7
448,399,2.1
448,399,2.1
448,20,4.9
448,119,2.1
448,119,2.1
448,399,1.9
448,399,1.9
448,399,1.9
448,119,7.9
448,134,6
448,134,6.9
448,20,6.2
448,119,4.7
448,119,4.7
448,119,4.7
448,119,4.7
448,119,4.7
448,119,4.7
448,119,5.4
448,20,4.7
448,20,1.9
448,119,4.7
448,264,3.3
448,264,3.6
448,200,4.9
448,200,4.9
448,200,4.9
448,200,4.9
448,200,4.9
448,200,4.9
448,200,4.9
448,200,4.9
448,200,4.9
448,200,4.9
448,200,4.7
448,200,4.9
448,200,4.9
448,200,4.9
448,200,4.9
448,200,4.9
448,200,4.9
448,362,4.4
448,399,5.4
448,399,4.7
448,20,4.7
448,399,4.7
448,399,4.7
448,399,4.7
448,189,7.8
448,20,6.9
448,20,3.6
448,264,6
448,264,7.2
448,399,6.9
448,399,7.1
448,310,5
448,119,6.1
448,264,6.9
448,189,4.9
448,189,6.9
448,119,4.7
448,119,4.9
448,119,4.7
448,200,4.9
448,200,4.9
448,189,7.1
448,310,4.3
448,20,7.2
448,119,6.6
448,119,6.2
448,399,4
448,399,4.3
448,20,7.2
448,189,5.7
448,20,6.2
448,189,5.2
448,189,4.4
448,20,4.7
448,119,6.9
448,119,4
448,264,6.9
448,264,4.7
448,119,6.9
448,362,4.7
448,119,6.1
448,20,4.9
448,20,4.9
448,20,4.9
448,20,4.9
448,20,4.9
448,20,4.9
448,20,4.9
448,20,4.9
448,20,4.9
448,200,4.9
448,399,4.7
448,399,4.6
448,20,6.9
448,119,7.4
448,119,6.2
448,20,5.5
448,362,9.3
448,20,7.1
448,310,5.2
448,399,2.9
448,20,5.5
448,264,2.1
448,362,6.9
448,20,4.9
448,119,6.9
448,264,4.7
448,399,1.7
448,399,2.1
448,399,1.9
448,119,2.6
448,264,7.2
448,264,4.9
448,200,1.7
448,20,4.4
448,20,3.7
448,20,4.9
448,189,6.1
448,20,10
448,399,2.9
448,362,7.1
448,20,4.7
448,362,7.1
448,20,4.6
448,189,6.9
448,189,4.6
448,264,4.9
448,189,4.9
448,189,4.9
448,119,6.9
448,119,6.9
448,119,6.9
448,119,4.7
448,119,6.9
448,264,7.2
448,119,7.8
448,189,4.3
448,264,6.2
448,264,2.3
448,264,4.6
448,189,4.7
448,119,5
448,20,5
448,362,4.7
448,189,4.9
448,189,4.9
448,20,5
448,362,6.9
448,264,6.9
448,59,6.2
448,264,7.2
448,264,6
448,399,4
448,20,4
448,399,4.7
448,119,7.8
448,399,7.8
448,399,7.1
448,399,7.8
448,399,4.9
448,200,6.4
448,399,4.9
448,264,4.9
448,362,4.9
522,200,4.3
524,16,5
524,200,5.8
516,79,2.6
619,20,10
494,399,5
619,399,5
655,20,2.1
522,399,2.6
522,399,5
466,399,5
522,362,5.1
619,399,7.8
522,264,7.1
523,20,7.8
620,20,7.5
570,119,4.3
544,119,9.3
618,119,9.3
640,119,9.3
544,119,9.3
544,264,7.2
619,119,9.3
619,189,9.3
620,119,7.8
655,264,4.3
640,119,9.3
544,119,5.1
619,79,4.3
487,119,7.5
619,399,7.5
610,119,5.1
522,119,10
522,20,2.6
492,94,9.3
492,119,9.3
522,94,9.3
492,94,9.3
544,399,4.3
492,94,9.3
492,94,9.3
492,94,9.3
544,94,9.3
522,94,9.3
544,94,9.3
522,20,4.3
522,399,2.6
522,362,5.1
569,200,4.3
518,119,4
481,119,10
619,264,10
619,399,2.1
624,189,7.5
619,119,9.3
619,287,4.3
522,119,10
522,200,4.3
522,94,7.6
492,94,9.3
544,94,9.3
522,200,4
492,20,5.1
514,119,9.3
522,20,5.1
544,94,9.3
655,94,7.6
619,264,7.2
619,189,7.5
592,119,9.3
522,20,7.5
522,20,7.5
522,119,7.5
522,79,6
544,189,9.3
544,94,9.3
522,94,9.3
544,94,9.3
544,94,9.3
454,94,9.3
619,20,7.8
486,119,6.8
522,20,5
522,119,5.1
620,94,5.1
544,94,9.3
560,94,9.3
619,94,9
522,119,7.6
522,119,9.3
489,20,5
489,119,7.5
477,20,9.3
522,119,9.3
620,264,7.2
619,119,7.2
640,119,7.5
619,399,6.1
619,119,6.9
619,399,7.8
522,20,4.3
612,94,9.3
492,20,9.3
544,119,9.3
544,20,9.3
619,119,9.3
451,119,9.3
451,200,7.8
451,119,9.3
639,119,9.3
544,94,10
522,362,9.3
544,20,9.3
544,94,9.3
544,20,9.3
522,94,9.3
494,189,7.8
654,94,7.6
607,399,5
619,264,4.6
522,399,9.3
471,94,9.3
657,20,6.8
655,119,6.8
619,264,7.2
654,399,7.2
619,399,7.1
492,119,6.8
544,399,4.3
632,119,7.1
522,79,4.3
619,16,7.5
544,399,9.3
619,119,10
522,94,9.3
578,399,9.3
522,16,9.3
522,119,9.3
660,119,9.3
544,119,9.3
654,264,7.2
519,119,9.3
522,20,4.3
588,79,4.3
524,264,10
605,20,9.3
540,20,9.3
654,79,4.3
619,189,9.3
653,264,6.9
640,119,4
535,119,9
619,119,9.3
522,362,7.1
522,119,5
522,94,7.8
522,79,4.3
522,94,7.5
522,399,6.8
484,119,9.3
522,20,9.3
569,119,9.3
619,16,6.4
544,94,9.3
484,119,8.5
522,189,9.3
522,399,6.8
522,79,4.3
566,79,4.3
522,78,6.8
605,119,9.3
522,119,7.5
591,119,7.5
611,22,5.8
611,78,6.8
525,200,5
640,20,7.5
635,119,4.3
618,119,4.3
609,78,7.5
522,94,6.8
522,399,6.8
483,189,9.3
654,264,7.2
654,94,10
619,264,7.2
522,94,7.5
458,310,7.1
496,310,2.1
642,264,4.3
526,119,9.3
619,200,7.1
640,189,5
522,119,9.3
544,255,6.4
454,119,5.8
578,20,6.8
484,119,9.3
620,119,9.3
620,94,9.3
516,264,7.2
523,94,10
522,94,9.3
522,399,9.3
459,94,9.3
616,119,10
641,200,10
619,94,9.3
478,200,5
478,119,9
618,287,8.8
619,20,6.8
578,399,10
544,399,9.3
544,94,9.3
544,20,9.3
478,119,9
478,189,9
544,119,9.3
544,399,9.3
544,94,9.3
492,94,9.3
492,94,9.3
493,94,9.3
492,94,9.3
492,94,9.3
492,20,9.3
544,94,9.3
544,94,9.3
553,399,9.3
553,399,9.3
601,94,10
583,20,6.8
610,119,9.3
655,264,7.2
605,119,9.3
522,79,9.3
459,94,9.3
522,79,4.3
654,94,9.3
617,119,9.3
619,94,7.2
522,94,9.3
522,94,9.3
618,119,9.3
576,399,9.3
544,94,9.3
544,399,9.3
544,94,9.3
657,119,9.3
522,94,4.3
544,399,9.3
618,94,9.3
618,264,9
464,399,5
464,399,5
617,20,7.1
618,20,5.4
522,119,9.3
484,119,9.3
618,20,7.1
516,189,9
569,264,7.1
618,20,7.2
618,20,8.3
474,399,6.8
618,20,9
618,20,9
522,20,7.1
522,20,4.3
494,22,4.3
610,119,9.3
588,79,4.3
544,20,9.3
662,22,4.3
522,200,2.1
627,94,9.3
561,399,9.3
619,119,9.3
618,200,7.8
494,79,4.3
494,79,4.3
619,189,9.3
619,264,7.2
619,399,7.2
619,264,7.2
640,94,9.3
522,399,9.3
522,399,9.3
522,20,9.3
522,399,9.3
522,399,9.3
522,20,9.3
557,94,6.8
634,119,9.3
657,399,7.1
522,94,6.8
522,284,6.8
606,119,9.3
544,20,6.6
544,20,9.3
544,20,9.3
544,399,9.3
544,20,9.3
638,119,9.3
639,255,10
640,200,10
483,119,9.3
483,399,9.3
483,119,9.3
483,189,9.3
544,94,9.3
544,399,9.3
544,399,9.3
544,399,9.3
522,264,6.8
544,399,9.3
620,264,7.2
619,119,9.3
522,264,9.3
522,264,9.3
522,200,4.3
522,399,9.3
522,399,9.3
522,399,9.3
619,20,10
655,94,9.3
605,119,9.3
451,79,4.3
451,79,4.3
654,200,1.9
565,94,9.3
633,20,9.3
544,79,4.3
619,399,10
544,94,9.3
544,119,9.3
544,399,9.3
544,399,9.3
544,119,9.3
522,200,4.3
544,399,9.3
544,399,9.3
556,287,7.5
452,200,4.3
650,189,7.2
617,287,9.3
619,119,10
591,119,7.6
619,399,7.1
522,399,4.3
619,94,10
550,264,8.5
550,399,8.5
550,189,8.5
550,119,9.3
550,399,8.5
522,399,8.5
522,399,9.3
522,399,8.5
522,399,9.3
544,399,9.3
544,399,9.3
492,399,9.3
651,399,8.5
651,399,8.5
642,20,5.4
521,189,5
516,20,5
516,255,10
655,189,4.3
522,399,5
482,20,6.8
618,399,4.9
642,255,2.1
479,399,5
619,119,10
619,94,10
544,119,9.3
522,399,9.3
640,20,4.3
588,79,3.5
650,362,4
451,310,10
617,200,5
546,399,5
546,399,5
654,119,6.9
617,119,9.3
591,119,9
569,399,4.3
522,79,4.3
522,79,4.3
522,79,4.3
522,79,4.3
522,79,4.3
522,79,4.3
640,189,4.3
522,94,6.8
539,189,4.3
635,200,5
657,200,4.3
617,399,7.8
620,362,4.7
544,264,4.6
522,264,5.8
522,399,9.3
522,399,9.3
650,264,7.2
650,264,6.9
619,20,9.3
619,20,7.2
619,20,7.2
484,94,9.3
619,287,7.1
619,189,10
548,20,9.3
619,20,5.8
451,264,9.3
451,94,9.3
619,20,3.5
603,399,9.3
603,399,9.3
603,399,9.3
494,399,9.3
494,20,5
544,399,9.3
554,399,9.3
655,119,10
513,119,10
552,94,9.3
552,119,9.3
552,189,9.3
552,94,9.3
552,94,9.3
474,94,9.3
552,94,9.3
552,119,9.3
552,119,9.3
619,119,10
619,200,4.9
619,264,9
619,119,9.3
619,189,9.3
619,20,5.8
619,20,6.4
619,119,9.3
500,79,4.3
492,94,9.3
648,79,4.3
619,16,7.2
642,22,8.5
650,200,4
522,119,9.3
660,264,5
520,189,4.9
544,94,9.3
522,399,9.3
522,94,9.3
522,399,9.3
522,399,9.3
639,94,9.3
552,94,9.3
544,94,9.3
544,94,9.3
544,94,9.3
544,399,9.3
544,189,9.3
525,399,9.3
544,119,9.3
544,119,9.3
555,94,9.3
619,264,10
635,20,5
607,94,9.3
516,287,7.6
619,20,7.2
619,20,7.2
619,20,7.2
619,20,7.2
619,20,7.2
552,94,9.3
552,119,9.3
544,119,9.3
552,119,9.3
651,119,9.3
619,119,9.3
544,94,9.3
525,264,9
525,94,9.3
552,119,9.3
619,399,10
460,399,7.8
522,200,7.1
522,399,9.3
506,189,4.3
640,189,9.3
655,399,7.8
522,399,9.3
522,399,9.3
522,399,9.3
522,399,9.3
522,399,9.3
544,119,9.3
525,119,9.3
516,287,7.6
649,20,2.6
484,20,9.3
484,94,9.3
602,264,9
620,399,9
620,94,9.3
620,189,8.5
522,94,9.3
522,399,9.3
522,94,10
522,94,9.3
619,94,9.3
619,264,6.9
619,119,9.3
619,189,9.3
619,94,10
619,399,7.8
620,119,9.3
619,255,10
522,287,5.8
522,287,6.8
522,287,5.8
522,79,4.3
522,119,4.3
607,264,9.3
619,94,10
607,200,7.8
471,119,9.3
451,94,9.3
533,94,9.3
639,94,8.5
451,189,9.3
451,119,9.3
451,119,9.3
451,94,9.3
451,189,9.3
651,287,10
548,189,9.3
650,255,6.9
650,20,9
619,310,6.8
619,189,7.5
651,94,9.3
619,20,7.2
619,94,9.3
619,189,7.2
619,20,6.9
650,399,4.9
451,189,9.3
619,94,9.3
516,399,2.6
619,119,10
620,189,7.8
639,94,9.3
651,399,7.8
640,119,9.3
451,94,9.3
522,94,9.3
522,94,9.3
522,94,9.3
651,94,10
522,399,4.3
522,399,5
650,264,4.6
522,20,4.3
522,399,7.8
522,20,5
522,94,5
516,119,9.3
651,399,10
451,189,9.3
474,94,9.3
474,94,9.3
474,94,9.3
474,119,9.3
474,94,9.3
474,94,9.3
474,94,9.3
474,94,9.3
544,119,9.3
522,399,5
522,399,5
491,134,5
522,399,9.3
522,94,9.3
522,94,9.3
522,399,9.3
619,399,6.8
621,399,7.1
619,94,10
621,189,9.3
588,20,5
522,200,5
619,94,9.3
640,119,9.3
619,94,9.3
619,94,9.3
619,119,9.3
516,20,6
516,20,6
498,79,4.3
619,20,9.3
621,362,9.3
619,189,9.3
590,94,9.3
619,20,9
619,362,7.1
619,20,7.8
619,264,6.9
494,20,5
494,200,5
651,20,4
522,94,9.3
619,189,9.3
574,119,9.3
574,119,9.3
544,94,9.3
574,94,9.3
574,119,9.3
574,119,9.3
619,264,10
618,264,7.2
619,20,4.7
619,20,4.7
619,399,7.2
619,264,6.9
619,20,4.9
651,94,10
651,94,10
651,94,10
651,399,7.8
544,119,9.3
522,94,9.3
522,94,9.3
522,94,9.3
522,94,9.3
522,94,9.3
522,399,9.3
621,119,9.3
619,94,9.3
603,94,7.6
522,264,4.3
603,94,7.6
492,94,9.3
492,94,9.3
492,94,9.3
492,119,9.3
492,94,9.3
492,94,9.3
492,94,9.3
575,119,9.3
566,94,9.3
522,94,9.3
619,399,10
621,20,10
620,399,10
621,399,10
619,119,9.3
578,119,9.3
619,119,9.3
621,20,4.7
619,94,7.6
619,20,6.8
619,20,6.8
619,20,9.3
619,20,9.3
522,200,4.3
522,362,9.3
522,94,9.3
522,399,9.3
522,94,9.3
522,200,4.3
522,200,4.3
588,79,3.5
640,119,4.3
619,20,4.7
522,94,9.3
522,399,9.3
522,94,9.3
522,200,2.6
620,94,9.3
620,264,6.4
454,94,9.3
544,94,9.3
569,189,9.3
588,79,4.3
650,94,9.3
619,20,7.2
621,119,9
492,94,9.3
492,94,9.3
492,94,9.3
492,94,9.3
619,119,7.6
654,399,7.1
522,119,7.6
453,310,7.6
602,264,9.3
492,94,9.3
492,94,9.3
492,94,9.3
492,94,9.3
492,94,9.3
492,94,9.3
492,94,9.3
492,94,9.3
492,94,9.3
564,264,6.9
619,94,6.8
516,94,8.5
522,79,4.3
522,200,4.3
522,94,9.3
522,94,9.3
522,94,9.3
522,94,9.3
544,94,9.3
522,79,4.3
603,119,7.6
494,310,6.4
494,20,6.4
619,20,4.9
619,20,4.9
522,200,4.3
484,94,9.3
484,94,9.3
454,94,9.3
620,119,9.3
620,189,9.3
620,78,9.3
620,264,6.8
620,20,4.4
655,362,6.8
651,399,7.2
621,20,4.6
650,264,6.9
621,119,7.8
621,189,6.8
620,264,7.2
620,264,7.2
620,20,7.2
620,20,7.2
451,94,9.3
516,119,4.3
544,94,9.3
544,94,9.3
544,119,9.3
562,94,9.3
522,399,5
489,310,4
489,255,4
466,79,4.3
451,79,4.3
466,79,4.3
494,79,4.3
522,399,4.3
522,399,4.3
620,79,4.3
522,264,4.3
651,399,7.2
620,20,10
621,20,7.8
621,399,7.8
621,94,9.3
621,264,6.8
621,264,6.8
522,94,9.3
522,94,9.3
522,362,9.3
522,94,9.3
522,94,9.3
660,94,9.3
492,94,9.3
650,94,9.3
643,94,9.3
620,20,9.3
650,94,9.3
620,20,9.3
578,94,9.3
578,119,9.3
578,20,9.3
574,119,9.3
544,189,9.3
566,119,9.3
621,20,9.3
516,119,9.3
516,287,6.8
501,20,5.8
501,79,4.3
501,79,4.3
544,20,9.3
620,119,7.2
620,264,7.2
620,264,7.2
620,264,7.2
640,94,9.3
620,119,7.6
544,94,9.3
544,94,9.3
544,94,9.3
607,264,9.3
571,352,6.8
544,119,9.3
544,94,9.3
544,94,9.3
657,399,9.3
657,94,9.3
657,94,9.3
544,94,9.3
544,94,9.3
650,119,7.2
651,264,7.5
621,399,7.6
621,119,9.3
451,94,9.3
621,20,7.1
492,189,9.3
492,20,9.3
492,20,9.3
492,20,9.3
492,20,9.3
492,20,9.3
492,20,9.3
492,20,9.3
492,20,9.3
492,20,9.3
492,20,9.3
492,20,9.3
492,20,9.3
522,79,4.3
508,79,4.3
522,200,4.3
522,94,9.3
522,200,4.3
522,399,9.3
522,94,9.3
522,200,4.3
522,94,9.3
451,310,5
544,119,9.3
544,119,9.3
544,119,9.3
544,119,9.3
621,20,7.2
522,94,9.3
522,200,4.3
522,94,9.3
522,94,9.3
522,94,9.3
522,200,4.3
522,200,4.3
501,79,4.3
494,399,4
620,119,7.2
620,399,7.2
620,399,7.2
620,119,7.2
620,264,7.2
621,20,7.2
544,119,9.3
544,189,9.3
544,119,9.3
544,119,9.3
544,119,9.3
544,119,9.3
544,119,9.3
578,119,9.3
578,94,9.3
620,94,9.3
620,399,6.9
451,20,9.3
620,94,6.9
651,20,4.9
621,264,7.2
522,399,9.3
620,119,7.2
650,119,9.3
522,399,9.3
516,119,10
656,94,9.3
620,119,7.6
620,119,7.2
619,200,4.3
656,94,9.3
620,399,7.8
620,119,7.6
522,264,5
477,189,9.3
477,20,9.3
650,94,9.3
620,264,4.7
621,200,4.3
620,20,9.3
620,119,9.3
522,94,9.3
522,94,9.3
499,20,7.2
620,287,7.2
620,20,5
544,189,9.3
637,20,9.3
620,310,7.2
655,119,7.2
620,20,7.2
620,20,7.2
620,20,7.2
620,20,7.2
620,20,7.2
621,287,6.4
603,94,9.3
603,94,9.3
522,399,9.3
620,79,4.3
492,189,9.3
492,189,9.3
492,119,9.3
492,119,9.3
492,119,9.3
492,119,9.3
522,399,9.3
617,16,6.9
586,79,4.3
620,119,10
544,20,9.3
544,20,9.3
620,20,7.5
620,189,9.3
620,20,9.3
620,20,10
620,399,7.2
527,189,9.3
451,20,9.3
620,399,7.2
620,399,7.2
620,399,7.2
620,399,7.2
620,399,7.2
620,399,7.2
620,399,7.2
620,399,7.2
574,264,9.3
492,399,9.3
492,119,9.3
492,20,9.3
492,264,9.3
626,20,2.6
620,399,7.2
620,399,7.2
620,399,7.2
620,399,7.2
620,399,7.2
620,399,7.2
620,399,7.2
620,399,7.2
620,399,7.2
655,119,9.3
522,264,5.8
522,200,4.3
522,200,4.3
650,20,9.3
620,264,7.2
522,119,9.3
522,119,9.3
522,79,4.3
451,264,9.3
522,119,9.3
522,119,9.3
522,119,9.3
522,362,7.6
522,200,4.3
522,119,9.3
522,119,9.3
522,119,9.3
651,79,4.3
620,79,4.3
522,119,9.3
621,399,7.8
620,20,10
544,20,9.3
574,119,9.3
451,264,5.1
492,20,9.3
492,119,9.3
492,119,9.3
492,119,9.3
492,119,9.3
492,119,9.3
492,119,9.3
492,119,9.3
551,200,4.3
620,119,7.2
620,119,7.2
620,119,7.2
620,189,7.2
578,94,9.3
621,16,5
522,200,4.3
590,399,7.8
590,399,7.8
620,119,10
620,399,7.8
620,189,7.2
621,399,7.8
651,399,4.7
621,20,9.3
620,399,7.2
620,399,7.2
620,399,7.2
621,399,7.2
620,399,7.2
620,399,7.2
620,399,7.2
620,399,7.2
620,399,7.2
500,119,10
586,79,4.3
586,79,4.3
502,200,4
586,79,4.3
620,79,4.3
501,94,4.3
501,79,4.3
501,79,4.3
522,200,4.3
522,20,9.3
522,200,4.3
522,119,9.3
522,119,9.3
621,399,7.1
651,20,10
620,264,7.2
620,399,7.1
501,94,9.3
620,119,5
621,399,4.7
603,20,9.3
620,264,7.2
582,79,4.3
451,200,4.3
451,200,4.3
603,20,9.3
544,20,9.3
544,399,9.3
620,264,7.2
492,399,9.3
492,119,9.3
492,119,9.3
492,20,9.3
492,119,9.3
522,200,4.3
522,20,9.3
522,20,9.3
522,20,9.3
522,20,9.3
522,20,9.3
522,20,9.3
522,20,9.3
522,20,9.3
621,20,4.7
620,119,9.3
621,20,7.1
620,264,7.2
511,20,5
511,20,5
573,264,7.2
620,399,7.2
501,20,5
621,189,10
621,287,9
621,264,7.2
522,20,4.3
522,20,4.3
655,264,7.1
650,94,9.3
650,94,9.3
621,94,9.3
492,94,9.3
522,200,4.3
621,119,9
621,264,7.2
578,20,9.3
578,94,9.3
578,94,9.3
544,94,9.3
621,399,7.8
621,20,6.8
621,264,8.5
621,264,9.3
621,264,3.6
522,264,5
621,20,9.3
621,94,9.3
650,264,6.9
650,399,5
462,79,4.3
522,200,4.3
522,94,9.3
522,200,4.3
451,94,9.3
451,94,9.3
586,79,4.3
604,20,9.3
604,94,9.3
604,94,9.3
604,94,9.3
604,94,9.3
604,94,9.3
492,119,9.3
492,399,9.3
492,399,9.3
586,79,4.3
586,79,4.3
501,20,5.8
501,16,5
621,20,7.2
650,20,7.2
621,119,9.3
621,20,9.3
621,20,4.3
621,399,7.2
522,94,9.3
621,20,4.3
621,20,7.2
471,94,9.3
544,399,9.3
451,20,9.3
451,20,9.3
451,119,9.3
451,20,9.3
544,20,9.3
544,20,9.3
522,94,7.6
522,94,9.3
522,94,9.3
522,94,9.3
522,94,9.3
621,94,9.3
621,264,1.7
620,94,9.3
590,399,9.3
544,119,9.3
621,264,7.2
621,264,7.2
621,20,7.2
621,264,7.2
657,94,9.3
492,264,9.3
492,264,9.3
522,94,9.3
522,94,9.3
522,94,9.3
522,119,9.3
621,189,9.3
621,189,9.3
522,399,9.3
484,119,9.3
522,399,9.3
522,399,9.3
522,119,5.8
492,264,9.3
621,20,7.2
621,20,5
621,134,10
655,119,10
655,119,10
451,94,9.3
473,94,9.3
488,79,4.3
522,200,4.3
558,79,4.3
558,264,5.5
558,79,4.3
588,20,6.8
556,79,4.3
620,20,7.2
620,20,7.2
620,20,7.2
620,399,7.2
655,362,6.9
621,200,4.3
522,79,4.3
522,200,4.3
522,94,9.3
522,94,9.3
522,94,9.3
522,94,9.3
522,94,9.3
522,94,9.3
522,94,9.3
522,94,9.3
522,200,4.3
492,119,9.3
492,119,9.3
492,399,9.3
603,119,9.3
660,119,9.3
621,20,7.2
477,119,9.3
613,79,4.3
621,20,7.2
544,264,6.9
451,264,9.3
451,200,5
508,79,4.3
522,94,9.3
522,94,9.3
522,189,9.3
544,119,9.3
655,94,9.3
621,399,7.2
547,399,9.3
621,189,7.2
621,399,7.2
516,200,2.1
505,200,5
595,79,4.3
547,399,9.3
492,119,9.3
522,399,9.3
522,399,9.3
651,20,5.8
658,119,9.3
591,79,4.3
621,399,7.2
620,94,9.3
522,399,9.3
646,310,2.6
621,94,9.3
522,399,9.3
451,20,9.3
451,264,9.3
522,94,9.3
522,399,9.3
621,94,10
522,399,9.3
494,94,3.5
522,399,9.3
522,200,2.6
451,200,4.3
451,119,9.3
451,119,9.3
451,20,9.3
451,20,7.8
497,189,9.3
497,94,9.3
621,264,7.2
596,79,4.3
596,79,4.3
621,119,10
621,264,5.8
522,200,4.3
522,399,9.3
522,399,9.3
522,399,9.3
522,399,9.3
522,399,9.3
522,399,9.3
522,399,9.3
522,399,9.3
522,399,9.3
522,399,9.3
522,399,9.3
522,399,9.3
522,119,9.3
451,264,10
621,399,7.2
650,94,9.3
628,20,7.2
586,264,7.5
586,20,5
544,119,9.3
586,79,4.3
586,22,7.5
586,119,7.8
586,119,5
522,399,9.3
522,399,9.3
522,399,9.3
522,399,9.3
522,399,9.3
522,399,9.3
522,399,9.3
522,399,9.3
544,200,5
630,264,6.8
650,94,9.3
522,416,9.3
621,362,4.9
621,362,4.9
621,362,4.9
621,362,4.9
621,362,4.9
621,362,4.9
621,362,4.9
621,362,4.9
621,362,4.9
621,362,4.9
621,362,4.9
621,362,4.9
621,362,4.9
621,362,4.9
621,362,4.9
621,362,4.9
621,362,4.9
621,362,4.9
621,362,4.9
621,362,4.9
621,362,4.9
621,362,4.9
621,362,4.9
621,362,4.9
621,362,4.9
621,362,4.9
621,362,4.9
621,362,4.9
621,362,4.9
621,362,4.9
621,362,7.2
621,362,7.2
621,264,7.2
651,399,7.1
455,20,5
621,362,6.9
622,362,4.9
621,264,7.2
621,264,7.2
621,264,7.2
522,399,9.3
508,79,4.3
588,264,3.5
621,20,7.1
621,362,6.9
621,362,4.9
650,119,7.2
580,94,9.3
522,200,4.3
621,264,7.2
603,200,4.3
530,119,9.3
522,399,9.3
522,399,9.3
622,399,7.8
522,416,9.3
522,416,9.3
522,416,9.3
522,416,9.3
522,416,9.3
522,416,9.3
522,416,9.3
655,399,9.3
492,119,9.3
578,20,9.3
578,190,9.3
578,20,10
578,119,10
578,20,9.3
578,94,9.3
544,119,9.3
544,119,9.3
578,189,9.3
578,189,9.3
558,20,10
544,119,9.3
621,119,7.2
621,119,7.2
621,119,7.2
657,94,9.3
451,20,5
451,287,7.5
522,399,9.3
621,399,9
621,264,7.2
620,119,7.2
620,119,7.2
620,119,7.2
620,119,7.2
621,264,7.2
532,119,9.3
522,94,9.3
522,16,4
522,16,4
522,416,9.3
522,119,7.5
522,119,9.3
522,119,9.3
522,119,9.3
522,119,9.3
522,119,9.3
522,119,9.3
522,119,9.3
522,119,9.3
522,119,9.3
522,119,9.3
522,119,9.3
522,119,9.3
522,119,9.3
522,119,9.3
522,119,9.3
522,119,9.3
522,119,9.3
639,94,9.3
451,20,9.3
451,94,9.3
451,94,9.3
451,94,9.3
451,94,9.3
451,94,9.3
621,399,4.4
503,200,4.3
621,189,7.1
522,119,9.3
522,399,9.3
522,119,9.3
522,119,9.3
522,94,9.3
522,94,9.3
522,94,9.3
522,94,9.3
522,94,9.3
522,94,9.3
522,94,9.3
522,94,9.3
522,94,9.3
522,94,9.3
522,94,9.3
628,264,6.9
454,119,9.3
454,119,9.3
454,119,9.3
492,119,9.3
492,20,4.3
544,200,5
522,94,9.3
522,94,9.3
522,94,9.3
522,94,9.3
522,79,4.3
621,264,7.2
451,94,9.3
621,119,4.9
621,119,7.2
621,94,9.3
621,264,10
590,94,9.3
586,79,4.3
586,79,4.3
650,119,9.3
652,119,7.8
621,119,7.8
522,119,9.3
456,200,5
522,264,7.6
522,119,9.3
522,119,9.3
522,119,9.3
522,119,9.3
522,119,9.3
522,79,4.3
522,119,9.3
522,119,9.3
621,399,10
621,119,7.2
621,119,7.2
621,119,7.2
522,119,9.3
621,94,7.2
522,119,9.3
522,119,9.3
522,119,9.3
522,119,9.3
522,119,9.3
522,119,9.3
522,119,9.3
522,119,9.3
522,119,9.3
621,119,6.9
621,22,4.9
522,119,9.3
522,399,9.3
547,119,9.3
547,119,9.3
547,119,9.3
547,119,9.3
547,119,9.3
547,119,9.3
544,119,9.3
544,119,9.3
547,119,9.3
657,119,9.3
547,119,9.3
547,119,9.3
544,264,6.9
451,20,7.8
451,20,7.8
621,399,6.9
650,119,9.3
620,119,7.2
620,119,7.2
620,119,7.2
457,20,5
620,20,5
566,399,9.3
522,119,9.3
522,20,9.3
522,119,9.3
522,119,9.3
522,119,9.3
620,20,7.1
650,119,6.9
621,399,7.2
622,264,3.5
621,399,7.2
522,119,9.3
522,119,9.3
522,119,9.3
621,200,4.9
621,399,7.2
492,119,9.3
492,119,9.3
657,119,9.3
657,119,9.3
522,399,9.3
621,94,9.3
558,264,6.8
590,20,4.3
522,399,9.3
622,264,7.9
650,20,7.2
621,20,7.6
621,399,7.2
622,20,4.7
566,200,5
530,94,9.3
621,119,7.2
522,200,4.3
522,200,4.3
522,119,9.3
522,119,9.3
522,119,9.3
522,119,9.3
522,119,9.3
522,119,9.3
522,119,9.3
522,119,9.3
620,189,9.3
522,264,6.9
643,20,4.3
468,79,4.3
522,20,6.2
522,20,6.2
522,119,9.3
522,119,9.3
522,119,9.3
522,119,9.3
522,119,9.3
544,200,4.3
647,399,9.3
544,264,4.3
621,189,4.9
558,94,6.8
620,20,7.2
494,79,4.3
490,200,4.3
657,399,7.1
522,20,5.8
622,399,5
559,94,9
451,20,5
622,20,7.8
651,20,5
651,20,5
451,20,9.3
547,119,9.3
547,119,9.3
547,119,9.3
488,20,4
621,264,7.2
621,119,9.3
660,264,7.1
522,119,9.3
522,264,4.3
522,119,9.3
522,119,9.3
522,119,9.3
522,119,9.3
522,119,9.3
522,119,9.3
522,119,9.3
522,119,9.3
522,119,9.3
522,119,9.3
522,119,9.3
522,119,9.3
522,119,9.3
522,119,9.3
522,119,9.3
522,119,9.3
522,119,9.3
522,119,9.3
522,119,9.3
522,119,9.3
522,119,9.3
522,119,9.3
522,200,4.3
536,94,10
451,264,4.3
621,310,5.1
522,119,9.3
522,119,9.3
522,119,9.3
621,119,7.2
621,399,9.3
522,119,9.3
522,119,9.3
522,119,9.3
522,119,9.3
522,119,9.3
522,119,9.3
522,119,9.3
522,119,9.3
522,119,9.3
522,119,9.3
522,119,9.3
522,119,9.3
522,119,9.3
621,399,7.5
650,264,5.4
621,264,7.2
590,264,7.1
522,119,9.3
522,416,9.3
621,119,6.6
522,119,9.3
470,94,6.8
522,119,9.3
522,119,9.3
522,119,9.3
559,79,4.3
522,119,9.3
547,119,9.3
657,119,9.3
522,119,9.3
544,119,9.3
522,399,10
522,264,10
522,399,7.6
621,415,7.2
522,94,9.3
522,399,9.3
522,310,6.8
522,119,9.3
522,119,9.3
522,94,9.3
522,119,9.3
522,416,10
522,200,4.3
522,264,6.8
522,119,9.3
522,119,9.3
522,119,9.3
522,119,9.3
522,119,9.3
522,119,9.3
522,119,9.3
522,119,9.3
522,119,9.3
522,119,9.3
522,119,9.3
522,119,9.3
522,119,9.3
522,119,9.3
522,119,9.3
522,119,9.3
522,119,9.3
522,119,9.3
522,119,9.3
522,119,9.3
522,119,9.3
522,119,9.3
522,119,9.3
451,94,10
621,264,7.2
544,200,4.3
544,264,6.8
621,20,5
621,255,6.8
615,94,8.5
621,399,7.2
522,119,9.3
660,264,4.3
621,119,9.3
621,20,9.3
621,264,7.2
591,79,4.3
531,79,4.3
621,94,9.3
640,119,6.8
544,399,5
522,119,9.3
522,119,9.3
522,119,9.3
522,119,9.3
522,119,9.3
522,119,9.3
522,119,9.3
522,119,9.3
522,119,9.3
522,119,9.3
522,119,9.3
522,119,9.3
522,119,9.3
522,119,9.3
522,119,9.3
522,119,9.3
522,119,9.3
522,119,9.3
522,119,9.3
522,119,9.3
522,119,9.3
522,119,9.3
522,119,9.3
522,94,7.5
547,119,9.3
532,20,4.3
621,264,6.9
621,264,7.6
522,119,9.3
522,264,6.4
522,119,9.3
522,119,9.3
522,119,9.3
522,119,9.3
522,119,9.3
522,119,9.3
522,119,9.3
522,119,9.3
522,119,9.3
522,119,9.3
522,119,9.3
522,119,9.3
522,119,9.3
522,119,9.3
522,119,9.3
522,119,9.3
522,119,9.3
522,119,9.3
522,119,9.3
522,119,9.3
522,119,9.3
522,119,9.3
522,119,9.3
522,119,9.3
522,119,9.3
522,119,9.3
522,119,9.3
563,20,9.3
586,264,9.3
522,264,6.8
522,119,9.3
522,264,6.8
522,119,9.3
522,119,9.3
522,119,9.3
522,119,9.3
522,119,9.3
522,119,9.3
522,119,9.3
522,119,9.3
480,20,6.8
522,119,9.3
522,119,9.3
522,119,9.3
522,119,9.3
522,119,9.3
522,119,9.3
522,119,9.3
522,119,9.3
636,399,6.8
591,399,6.8
451,264,4.3
522,119,9.3
621,119,4.9
522,119,9.3
522,119,9.3
531,20,5
531,79,4.3
451,399,5
451,264,10
622,264,6.8
467,79,4.3
522,119,9.3
522,119,9.3
522,119,9.3
522,119,9.3
522,119,9.3
522,119,9.3
522,119,9.3
522,119,9.3
522,119,9.3
522,119,9.3
522,119,9.3
522,119,9.3
522,119,9.3
522,119,9.3
522,119,9.3
522,119,9.3
522,119,9.3
522,119,9.3
522,119,9.3
522,119,9.3
522,119,9.3
522,119,9.3
522,119,9.3
522,119,9.3
522,119,9.3
522,119,9.3
522,119,9.3
522,119,9.3
522,119,9.3
522,119,9.3
522,119,9.3
522,119,9.3
522,119,9.3
621,264,7.2
621,20,9.3
544,20,9.3
451,399,10
451,264,4.3
522,264,6.8
522,264,6.8
522,20,9.3
522,399,9.3
522,20,9.3
522,20,9.3
522,20,9.3
522,20,9.3
522,20,9.3
522,20,9.3
522,119,9.3
522,20,9.3
522,264,4.3
522,119,9.3
655,20,7.2
567,310,4
537,310,5.4
543,264,6.6
666,200,4.3
666,264,5
666,94,7.5
666,264,7.5
666,94,5
670,94,4.3
674,94,5.1
666,20,5.8
666,399,9.3
666,399,9.3
674,20,9.3
663,20,5.5
666,264,2.6
666,264,9.3
666,20,4.3
666,189,9.3
666,79,4.3
666,264,6.8
666,264,9.3
666,189,9.3
666,119,9.3
666,79,4.3
666,399,10
666,399,5.1
663,79,4.3
666,200,4.3
666,264,7.5
666,94,9.3
666,94,9.3
673,119,6.4
666,20,4.3
666,79,4.3
666,264,5.1
666,119,7.5
666,20,4
666,16,7.5
666,189,7.5
666,20,4.3
666,20,4
666,119,9.3
666,79,4.3
666,94,9.3
666,20,5
666,189,6.8
666,119,6.8
666,119,9.3
666,264,6.4
666,79,4.3
666,264,7.5
666,79,4.3
666,16,6.8
666,200,5
666,119,6.8
666,20,4.3
666,200,6.8
666,119,9.3
666,94,9.3
666,22,7.1
666,200,4.3
666,264,6.8
666,200,6.8
666,94,4.3
670,79,4.3
663,264,5
663,79,4.3
666,20,9.3
663,264,7.5
666,16,4.3
666,200,4.3
666,264,9.3
666,20,4.3
666,20,4.3
666,79,2.6
666,79,4.3
666,20,4.3
666,399,7.1
666,79,4.3
666,22,4.3
666,79,4.3
666,119,10
666,119,9.3
673,119,7.5
666,200,5
666,399,9.3
666,399,9.3
666,20,4.3
666,79,4.3
666,79,4.3
666,94,4.3
666,22,4.3
666,399,9.3
666,200,9.3
666,200,4.3
666,94,6.8
666,79,4.3
666,399,6.8
666,399,6.8
666,287,5
666,59,4.3
666,399,9.3
666,399,5
663,79,4.3
663,264,4
663,264,3.5
666,399,4.3
666,189,9.3
666,119,10
666,399,10
666,399,10
666,79,4.3
666,287,7.5
666,264,7.5
666,264,6.8
666,20,5
666,20,7.5
666,200,5
666,79,4.3
666,20,4
666,264,6.8
666,399,10
666,20,2.6
666,94,6.8
666,94,7.5
666,20,4.3
666,264,7.5
666,264,7.5
666,264,7.5
666,264,7.5
666,264,7.5
666,189,10
666,399,10
666,399,10
666,79,4.3
666,79,4.3
666,22,4.3
666,22,7.8
666,200,5
673,119,10
666,399,5
663,22,7.1
666,264,4.3
666,79,4.3
666,200,5
666,399,9.3
666,20,10
666,94,5.1
666,399,5
666,189,10
666,399,10
666,79,4.3
666,399,9.3
666,287,7.5
666,20,7.5
666,94,7.5
666,399,10
674,399,4.3
666,399,10
666,399,5
666,264,7.5
666,264,5
666,264,6.8
666,200,6
666,20,4.3
666,79,4.3
666,264,6.8
666,79,4.3
666,20,5
669,399,5
663,264,4
673,200,4.3
666,399,5
663,200,2.1
666,264,5.8
666,399,2.6
666,399,10
666,399,10
666,79,2.6
666,264,5.4
666,59,5.1
666,264,5
666,200,3.3
663,79,3.5
663,352,5.8
663,352,5.8
663,352,5.8
663,352,5.8
663,352,7.5
666,399,10
666,399,9.3
666,399,10
666,399,9.3
666,399,10
666,200,7.1
666,20,5.8
666,399,5
666,399,9.3
666,399,9.3
663,352,6.8
666,20,4.3
666,399,5
666,16,5
666,399,5
666,399,5
666,16,4.3
666,20,6.8
666,79,4.3
666,16,4.3
666,79,4.3
666,200,4.3
666,16,4.3
666,399,9.3
666,94,9.3
666,94,10
666,264,9.3
666,399,5
666,399,5
666,94,9.3
666,94,9.3
666,20,4.3
666,200,4.3
666,287,6.8
666,362,9.3
666,94,9.3
666,264,5.4
666,264,9.3
666,94,9.3
666,20,4.3
666,20,4.3
666,310,9.3
666,287,6.8
672,119,9.3
666,20,6.8
666,399,10
666,189,10
666,399,10
666,399,10
666,399,10
666,189,10
666,399,10
666,20,5
666,79,4.3
666,94,9.3
666,189,5
666,119,7.8
666,189,5
666,20,5.8
666,119,10
666,399,9.3
666,399,5
666,94,10
666,399,5
666,79,4.3
666,79,4.3
666,79,4.3
666,94,9.3
666,20,5
666,94,10
663,89,7.5
663,89,7.5
663,255,5
666,399,10
666,119,10
666,264,7.5
666,264,4.3
666,16,9.3
673,264,7.1
663,200,5
663,264,5
666,399,9.3
666,189,9.3
666,399,9.3
666,94,7.6
666,200,7.8
666,264,5
663,264,4.3
666,20,9.3
666,362,5.8
673,200,5
666,200,5
666,79,4.3
666,399,10
673,399,4.3
666,79,4.3
666,399,9.3
666,119,9.3
666,119,5.1
666,119,9.3
666,264,7.6
666,79,4.3
666,79,4.3
666,399,9.3
666,399,9.3
666,399,9.3
666,94,7.6
666,94,5.1
663,264,1.9
666,20,4.3
666,20,4.3
666,399,9.3
666,399,5
666,200,4.3
666,200,4.3
666,189,9.3
666,94,10
666,119,10
666,200,5.8
666,189,9.3
666,79,4.3
666,399,9.3
666,189,9.3
663,264,5
666,264,4.3
666,264,4.3
666,399,9.3
666,399,9.3
666,20,4.3
666,119,9.3
666,20,4.3
666,189,9.3
666,94,6.8
666,20,9.3
666,399,5
666,399,5
666,399,5
666,399,4.3
663,264,1.9
666,264,2.6
666,189,9.3
666,189,9.3
666,200,5
666,399,10
663,264,5
663,310,6.5
663,200,5
663,189,4
666,399,9.3
666,264,6.8
666,79,4.3
666,264,4.3
666,189,9.3
666,94,9.3
666,399,9.3
666,79,4.3
666,79,4.3
666,119,9.3
666,119,9.3
666,119,9.3
666,119,9.3
666,310,4.3
666,310,5.8
663,94,2.6
666,310,7.5
666,79,4.3
666,264,5.8
666,119,9.3
666,399,9.3
666,119,9.3
666,310,5.8
666,310,5.8
663,200,5
666,119,9.3
666,399,9.3
666,189,9.3
666,20,9.3
666,119,9.3
666,79,4.3
666,189,9.3
666,20,4.3
666,119,9.3
666,119,9.3
666,119,9.3
663,79,4.3
663,264,7.5
663,79,4.3
663,79,4.3
663,94,4.3
666,362,4.3
663,352,6.8
663,79,4.3
666,20,6.8
666,119,10
666,399,10
666,119,10
666,399,10
666,119,10
666,352,6.8
666,119,9.3
666,399,10
666,399,10
666,20,5
666,22,5
666,20,10
666,20,4.3
666,399,10
666,94,10
666,399,10
666,200,4.3
666,264,5
666,399,10
666,20,4.3
666,264,6.4
666,264,10
666,79,4.3
666,264,5
666,189,10
666,264,3.5
666,399,7.6
666,119,5
666,94,10
663,79,4.3
663,200,5
663,94,4.3
666,200,4.3
666,94,4.3
663,79,4.3
663,20,5
666,16,9.3
666,200,4.3
666,94,10
666,200,5
666,119,10
666,119,10
666,119,10
666,255,5
666,119,10
666,119,10
666,264,9.3
666,189,10
666,264,4.3
666,94,4.3
666,264,4.3
666,119,9.3
666,119,10
666,20,4.3
666,119,9.3
666,94,9.3
666,20,9.3
666,79,4.3
666,200,2.6
666,119,9.3
666,119,10
666,200,5
666,119,10
666,94,9.3
663,79,4.3
666,399,7.5
666,399,10
666,399,7.5
666,200,4.3
666,399,7.5
666,264,6.8
663,287,6.8
663,352,6.8
663,352,6.8
666,200,5
666,399,7.5
666,264,4.3
666,264,5
663,352,5.1
666,119,5
666,119,10
666,264,5
666,79,4.3
666,200,5
663,20,4
666,119,10
666,264,2.1
666,94,4.3
666,399,7.5
663,352,5.1
666,399,7.5
666,79,4.3
666,200,5
666,399,9.3
666,264,6.8
666,264,7.5
666,264,6.4
666,20,7.5
666,399,7.5
663,264,4.3
663,264,4
666,119,10
666,399,10
666,119,10
666,79,4.3
666,119,9.3
666,189,5
666,79,4.3
666,264,2.6
666,79,4.3
666,264,9.3
667,119,9.3
666,399,9.3
666,119,9.3
666,264,7.2
666,79,4.3
666,200,2.9
666,399,9.3
666,119,9.3
666,399,10
666,399,9.3
666,119,9.3
666,399,10
666,79,4.3
666,79,4.3
666,399,9.3
666,264,5
666,200,5
666,20,4.3
666,399,10
666,264,4.3
666,79,4.3
666,264,4.3
663,264,4.3
663,264,4.3
666,399,10
666,399,10
666,399,10
666,399,10
666,399,10
666,119,9.3
666,399,10
666,119,10
666,399,10
666,399,10
666,399,10
666,399,10
666,399,10
666,399,10
666,264,9.3
666,119,10
666,399,10
666,189,9.3
666,399,10
666,119,10
666,200,5
666,264,7.6
666,399,6.9
666,200,4.3
666,264,6.8
666,94,9.3
663,255,5
666,264,6.4
666,264,4
666,399,9.3
666,399,9.3
666,399,10
666,264,9.3
666,264,5.8
666,79,4.3
666,119,10
666,399,10
666,119,10
666,399,10
666,399,10
666,399,10
666,264,9.3
666,119,10
666,119,10
666,119,10
666,119,10
663,79,4.3
666,119,10
666,119,10
666,264,4.3
666,79,4.3
666,264,5.1
666,264,5
663,200,5
663,200,4
663,200,4.3
666,16,6.4
666,119,9.3
666,264,6.8
666,119,10
666,79,4.3
666,264,4.3
666,16,4.3
666,264,9.3
666,399,10
666,399,10
666,399,10
666,399,10
666,399,10
666,399,10
666,399,10
663,264,5
675,20,5.8
666,119,10
666,399,6.8
666,264,10
666,189,10
666,94,10
666,79,6.8
666,189,10
666,119,10
666,399,10
666,79,4.3
663,79,4.3
663,200,5
666,399,9.3
666,399,9.3
666,20,6.8
666,200,5
666,189,10
666,264,5.8
666,119,9.3
666,399,9.3
666,399,10
666,399,10
666,399,9.3
666,264,9.3
666,94,10
666,287,5
666,119,9.3
666,399,10
666,399,10
666,399,10
666,310,9.3
666,20,5
666,399,10
666,119,10
666,119,10
666,119,9.3
666,119,5.8
666,264,10
666,264,5
666,399,10
666,399,10
666,119,10
666,399,9.3
666,399,10
666,119,10
663,79,4.3
663,200,5
666,399,9.3
666,119,5
666,200,4.3
666,79,4.3
666,264,10
666,264,4.3
666,119,7.2
672,310,4.3
666,79,4.3
666,20,4.3
666,264,6.9
666,264,6.9
666,399,9.3
666,119,4.3
666,119,10
666,399,10
666,119,10
666,399,10
666,119,10
666,399,10
666,399,9.3
666,399,9.3
666,399,10
666,264,9.3
666,94,9.3
666,119,9.3
666,264,4.3
666,264,4.3
666,20,7.5
666,264,5
666,264,4
666,264,9.3
666,264,4.3
666,310,5
666,264,7.2
666,399,9.3
666,119,10
666,119,7.2
666,119,7.2
666,79,4.3
666,20,10
666,79,4.3
666,264,4.3
666,264,4.3
666,264,5.4
666,119,10
666,119,10
666,119,6.8
666,119,9.3
666,399,9.3
666,119,4.3
666,399,9.3
666,119,6.8
666,264,6.2
666,79,4
666,119,4.3
666,200,2.6
666,119,6.8
666,20,6.8
666,119,9.3
663,352,6.8
663,352,6.8
666,20,9.3
666,119,10
666,264,5
666,399,9.3
672,310,5.8
672,189,7.5
663,79,4.3
663,79,4.3
666,20,4.3
666,119,4.3
666,119,6.8
666,264,8.3
666,119,10
666,119,9.3
672,20,7.5
672,264,5.8
666,189,7.5
666,79,4.3
666,264,4.3
666,264,10
666,399,10
666,399,10
666,189,6.8
666,352,6.8
666,94,9.3
666,200,4.3
666,310,5.8
673,79,4.3
666,264,5
666,20,4.3
666,264,5
666,264,10
666,200,4.3
666,200,5
666,399,10
666,255,5
666,399,10
666,264,4.3
666,399,5
666,310,5
672,20,4.3
666,264,6.9
666,119,6.8
666,20,5
666,264,5.8
666,264,5.8
666,264,6.8
666,264,2.6
666,264,6.8
666,22,6.4
668,22,9.3
666,119,6.8
666,119,7.6
666,94,9.3
666,264,9.3
666,399,9.3
666,119,9.3
666,119,9.3
666,200,1.9
666,264,5
663,287,4
666,264,6.9
666,119,10
666,119,4.3
666,119,10
666,399,9.3
666,264,5.8
666,119,10
666,264,9.3
666,79,4.3
666,399,10
666,399,10
666,119,10
666,20,5
666,119,6.8
666,119,7.5
663,352,4.3
666,119,9.3
666,264,5.8
666,119,10
666,119,10
666,94,9.3
666,94,9.3
666,264,5.8
666,119,10
666,416,10
666,824,4.3
666,119,5
666,264,4.3
663,200,4
663,264,5
663,79,4.3
673,79,4.3
439,20,5
426,119,7.1
424,79,4.3
435,119,7.5
433,79,4.3
432,22,5
443,79,4.3
440,200,6.8
415,119,6.8
415,189,7.5
429,287,7.5
420,20,4.3
420,79,4.3
420,94,6.8
420,119,9.3
420,189,4.3
420,119,9.3
420,399,4.3
420,399,5
420,264,5.8
420,264,5
420,200,7.8
420,264,4.3
420,264,4.3
420,119,9.3
420,189,6.8
420,399,5
420,264,9.3
411,287,4.3
420,287,5.8
420,287,6.8
420,119,9.3
411,94,6.9
420,79,4.3
420,119,9.3
420,119,9.3
420,119,5
420,264,10
420,20,5
420,310,6.4
420,79,4.3
420,79,4.3
420,264,4.3
420,399,5
420,310,7.5
420,20,9.3
430,189,9.3
430,189,9.3
420,255,4.3
420,200,4.3
420,200,4.3
420,189,9.3
420,189,10
420,189,9.3
420,399,9.3
420,189,9.3
420,200,5
420,189,5
420,200,5
420,399,5
420,362,10
420,399,10
420,200,10
420,399,5
420,189,10
420,20,4.3
420,20,7.5
420,79,4.3
420,79,4.3
420,264,10
420,264,10
420,119,5
420,119,7.5
420,399,4.3
420,352,6.8
420,399,9.3
420,189,9.3
420,399,9.3
420,399,9.3
420,399,9.3
420,200,4.3
420,399,5
420,399,4.3
420,264,9.3
420,94,9.3
420,20,10
420,94,9.3
420,399,9.3
420,79,4.3
420,399,9.3
420,119,4.3
420,119,9.3
420,310,9.3
420,119,9.3
420,119,10
420,119,10
420,119,10
420,119,10
420,399,10
420,200,5
420,119,10
420,119,10
420,20,4.3
420,20,4.3
420,264,5
420,399,9.3
420,399,4.3
420,399,10
420,399,10
420,189,10
420,20,9.3
420,399,2.6
420,399,9.3
420,264,4.3
420,20,5
420,362,9.3
420,119,10
420,119,10
420,119,10
420,200,5
420,119,9.3
420,20,9.3
420,20,9.3
420,20,6.8
420,20,4.3
420,119,9.3
420,264,6.8
420,20,9.3
420,399,9.3
420,20,9.3
420,20,9.3
420,399,9.3
420,189,9.3
420,119,9.3
420,20,9.3
420,119,9.3
420,264,4.3
420,264,4.3
420,399,9.3
420,287,5
420,119,4.3
420,264,4.3
420,399,10
420,399,4.3
420,399,10
420,189,7.5
420,119,5
420,20,10
411,200,4.3
420,200,4.3
420,264,5
420,20,5
420,20,10
420,20,9.3
420,20,10
420,20,10
420,399,10
420,399,10
420,20,10
420,20,10
420,20,5
420,119,9.3
420,119,9.3
420,189,9.3
420,20,10
420,20,10
420,20,10
420,200,5
420,399,10
420,264,7.5
420,20,5
420,20,7.5
420,362,9.3
420,20,10
420,399,10
420,20,10
420,20,5
420,20,10
415,20,4.3
422,399,4.3
420,264,6.8
420,119,7.5
420,119,7.5
420,20,7.5
420,20,7.5
420,119,7.5
420,119,7.5
420,20,7.5
420,119,7.5
420,20,6.8
420,119,7.5
420,119,5
420,189,7.5
420,119,5
420,20,7.5
420,399,7.5
420,20,7.5
411,264,7.2
420,264,7.5
420,20,5
420,264,5
420,119,7.5
420,119,7.5
420,264,5
420,399,7.5
420,20,5
420,264,7.5
420,399,7.5
420,119,7.5
420,119,7.5
420,119,7.5
420,20,7.5
420,119,7.5
420,119,7.5
420,20,6.8
420,119,7.5
420,119,7.5
420,119,7.5
420,399,7.5
420,399,7.5
420,20,7.5
420,20,7.5
420,189,10
420,399,10
420,119,10
420,20,7.5
420,362,4.3
436,79,4.3
417,352,6.8
420,20,5
420,20,5
420,20,5
420,189,7.5
420,264,7.5
420,20,7.5
420,399,7.5
420,20,6.8
420,20,7.5
420,20,7.5
420,362,6.8
420,20,5
420,20,6.8
420,20,7.5
420,20,7.5
420,399,7.5
420,20,5
420,20,7.5
420,20,5.8
420,399,7.5
420,20,4.3
420,20,7.5
420,399,5
420,20,6.8
420,119,10
420,119,10
420,399,7.5
420,399,5
420,264,5
420,20,5
420,264,7.5
420,20,7.5
420,20,5
420,399,5
420,119,5
420,399,7.5
411,189,7.2
422,264,7.2
422,20,4.4
420,264,7.5
420,264,7.5
411,310,10
420,119,5
420,399,7.5
420,119,7.5
420,20,7.5
420,399,7.5
420,20,7.5
420,399,7.5
411,20,4.3
420,20,6.4
420,20,7.5
420,264,5
420,287,4.3
438,94,9.3
420,200,4.3
435,94,9.3
420,399,4.3
420,264,4.3
420,20,6.4
420,200,5
420,20,4.3
420,20,4.3
420,399,5
420,119,6.8
420,399,7.5
420,399,7.5
420,119,7.5
420,399,7.5
420,399,7.5
420,119,5
420,264,5.8
420,399,7.5
420,399,7.5
420,264,5
420,399,7.5
420,200,4.3
420,399,7.5
420,399,6.8
420,119,5
420,399,7.5
420,264,7.5
420,119,10
420,399,7.5
420,264,7.5
420,399,7.5
420,20,10
420,399,7.5
420,399,7.5
420,399,7.5
420,264,7.5
420,399,7.5
420,119,7.5
420,189,7.5
420,399,7.5
420,399,6.8
420,362,6.8
420,264,7.5
420,20,7.5
420,20,7.5
420,20,7.5
420,20,5.8
420,20,6.8
420,20,7.5
420,119,5
420,119,5
420,20,6.8
420,399,6.8
420,399,6.8
420,20,5.8
420,119,5
420,119,5
420,189,7.5
420,399,7.5
420,399,7.5
420,20,7.5
420,264,7.5
420,399,7.5
420,119,5
420,264,7.5
420,399,7.5
420,20,6.8
420,264,7.5
420,119,5
420,310,6.8
420,20,7.5
420,399,6.8
420,20,6.8
420,264,7.5
420,20,6.8
420,399,6.8
420,119,6.8
420,189,7.5
420,399,7.5
420,399,7.5
420,119,7.5
420,119,6.8
420,399,7.5
420,200,5
420,399,6.8
420,20,5
420,125,5
420,189,7.5
420,399,7.5
420,399,7.5
420,119,7.5
420,399,7.5
420,399,7.5
420,399,7.5
420,399,7.5
420,399,4.3
420,399,7.5
420,399,7.5
420,399,7.5
420,399,7.5
420,189,6.8
420,20,10
420,119,10
420,264,5
420,399,7.5
420,399,7.5
420,119,7.5
420,399,7.5
420,264,5
420,20,7.5
420,20,5
420,79,4.3
420,119,5
420,119,5
420,20,5.8
420,189,6.8
420,20,10
420,399,7.5
420,119,7.5
420,119,5
420,264,5
420,399,7.5
420,399,7.5
420,399,7.5
420,399,7.5
420,264,5
420,399,7.5
420,399,7.5
420,399,7.5
420,399,7.5
420,399,7.5
420,399,10
420,399,10
420,362,7.5
420,399,10
420,119,5
420,264,7.5
420,119,5
420,399,10
420,119,5
420,399,10
420,362,7.6
420,399,10
420,20,10
420,20,5
420,20,5
420,20,10
420,399,7.5
420,20,10
420,264,7.2
420,399,10
420,189,6.8
420,399,7.5
420,119,5
420,399,7.5
420,119,10
420,399,10
420,119,7.5
420,119,5
420,399,5
420,119,7.5
420,119,7.5
420,119,5
420,20,4.3
420,119,9.3
411,119,9.3
420,20,4.3
420,79,4.3
420,362,5.1
420,20,7.5
420,399,7.5
420,399,7.5
420,20,6.8
420,399,7.5
442,20,6.8
420,264,5
420,399,6.8
420,119,7.5
420,399,7.5
420,264,7.5
420,399,7.5
420,119,5
420,119,7.5
420,119,7.5
420,119,7.5
420,399,6.8
420,264,7.5
420,119,7.5
420,119,5
420,399,7.5
420,119,5
420,119,5
420,20,4.3
420,119,5
420,119,7.5
420,119,5
420,119,5
420,399,7.5
420,399,7.5
420,119,7.5
420,119,7.5
420,119,5
420,119,7.5
411,399,7.8
420,119,7.5
420,399,7.5
420,119,7.5
420,399,7.5
420,399,7.5
420,119,7.5
420,19,7.5
420,399,7.5
420,264,5
420,399,7.5
420,119,7.5
420,119,5
420,362,9.3
420,119,5
420,119,5
420,20,5
420,399,7.5
420,399,7.5
420,399,7.5
420,119,5
420,399,6.8
420,119,5
417,264,7.2
417,264,7.2
417,264,7.2
411,200,4.3
420,264,5
431,20,9.3
442,20,5
420,119,10
420,119,10
420,399,10
420,399,10
420,264,10
419,189,4.3
420,189,6.8
420,200,5
420,399,7.5
420,399,7.5
420,20,6.8
420,20,5
420,399,7.5
420,399,7.5
420,20,5
420,399,7.5
420,189,6.8
420,399,7.5
420,399,7.5
420,119,7.5
420,189,9.3
420,399,7.5
420,399,7.5
420,399,4.3
420,264,4.3
420,189,4.3
420,189,6.8
420,399,6.8
420,200,5
420,399,6.8
420,119,7.5
420,399,6.8
420,119,6.8
420,119,7.5
420,399,6.8
420,119,7.5
422,119,10
420,119,4.3
420,362,6.8
420,119,7.5
420,399,4.3
420,79,4.3
420,119,7.5
420,119,7.5
420,20,5
420,399,7.5
420,119,4.3
420,362,7.5
420,119,7.5
420,20,6.8
420,119,7.5
420,119,5
420,399,7.5
420,79,4.3
420,399,7.5
420,399,7.5
420,79,4.3
420,399,6.8
420,200,5
420,399,6.8
420,399,6.8
420,119,6.8
420,189,7.5
420,119,10
420,310,5
420,79,4.3
441,362,6.2
441,264,7.2
441,20,7.2
441,264,6.9
441,362,1.2
411,189,6.8
411,20,4.3
443,79,4.3
441,59,1.2
441,264,4.4
438,119,9.3
420,264,5
420,79,4.3
420,79,4.3
420,264,5
420,264,9.3
420,264,7.5
420,200,4.3
420,310,2.6
420,310,2.6
420,362,9.3
420,125,5
420,125,5
420,399,10
420,119,7.5
420,416,7.5
420,264,7.5
420,20,7.5
420,362,6.8
420,119,7.5
420,416,7.5
420,399,7.5
420,119,5
420,119,7.5
420,416,7.5
420,416,7.5
420,189,7.5
420,119,7.5
420,119,7.5
420,125,5
420,416,7.5
420,119,6.8
420,399,7.5
420,20,6.8
420,416,10
420,416,10
420,416,10
420,94,10
420,190,10
420,119,10
420,416,7.5
420,264,5
420,399,7.5
420,20,7.5
420,189,7.5
420,399,7.5
420,189,6.8
420,119,5
420,119,7.5
420,189,7.5
420,264,5
420,399,6.8
420,119,4.3
420,264,10
414,59,3.3
410,20,5.8
443,79,4.3
423,310,5
418,200,1.9
411,20,5
412,264,6.8
420,399,6.8
420,264,6.4
420,20,7.5
420,22,7.5
420,399,7.5
420,119,5
420,119,5
420,399,6.8
420,20,7.5
420,264,7.5
420,399,7.5
420,20,7.5
420,119,7.5
420,119,7.5
420,399,7.5
420,20,5
420,119,7.5
420,20,5
420,264,7.5
420,264,7.5
420,119,5
420,264,6.8
420,119,7.5
420,189,7.5
420,362,6.8
420,119,7.5
420,22,7.5
420,119,7.5
420,189,4.3
420,399,7.5
420,189,5
420,362,6.8
420,399,7.5
420,399,7.5
420,119,7.5
420,399,7.5
420,119,7.5
420,362,7.5
420,200,5
420,287,7.5
420,22,7.5
420,94,7.5
422,119,10
420,399,7.5
420,119,5
420,264,6.8
420,399,7.5
420,399,7.5
420,264,6.8
420,264,7.5
420,119,5
420,264,7.5
420,264,7.5
420,20,6.8
422,59,7.5
422,119,5
422,399,10
422,264,5
422,264,5
420,399,7.5
420,119,5
420,399,7.5
420,399,7.5
420,399,7.5
420,399,7.5
420,399,7.5
420,399,7.5
420,119,7.5
420,399,7.5
420,362,6.8
420,200,5
420,79,4.3
420,119,5
420,416,7.5
420,416,7.5
420,416,7.5
420,416,7.5
420,399,7.5
420,119,7.5
420,119,10
420,119,7.5
420,264,4.3
420,119,4.3
420,399,9.3
420,20,7.5
420,416,7.5
420,264,4.3
420,119,5
420,264,5
420,119,5
420,119,5
420,200,5.8
420,264,5.8
420,399,7.5
420,399,7.5
420,399,7.5
420,22,7.5
420,189,7.5
420,399,7.5
420,399,7.5
420,399,7.5
420,264,5
420,362,6.8
420,119,5
420,399,7.5
420,399,7.5
420,399,6.8
420,399,7.5
420,399,6.8
420,399,6.8
420,119,5
420,399,7.5
420,119,7.5
420,119,5
420,399,6.8
420,399,6.8
420,399,7.5
420,399,6.8
420,399,6.8
420,399,6.8
438,119,9.3
438,119,9.3
438,119,9.3
443,79,4.3
411,20,9.3
411,310,9.3
428,264,6.9
435,119,7.5
435,119,7.5
435,119,7.5
435,119,7.5
420,352,6.8
411,264,8.8
420,399,7.5
420,399,6.8
420,119,4.3
420,399,7.5
420,399,6.8
420,119,5
420,189,5
420,189,9.3
420,287,6.8
420,399,6.8
420,20,4.3
420,119,7.5
420,119,7.5
420,119,7.5
420,399,7.5
420,287,7.5
420,399,6.8
420,399,7.5
420,399,7.5
420,20,7.5
420,22,7.5
420,399,7.5
420,20,7.5
420,399,7.5
420,200,5
420,264,6.4
420,399,7.5
420,310,6.4
420,264,5
420,399,7.5
420,399,7.5
420,119,7.5
420,264,5.8
420,264,5.8
411,200,7.5
438,119,9.3
437,79,4.3
420,310,7.5
420,399,7.5
420,79,4.3
420,399,7.5
420,399,7.5
420,119,7.5
422,22,7.5
422,119,7.5
422,119,7.5
420,399,7.5
420,20,7.5
420,22,7.5
420,94,7.5
420,189,7.5
420,189,7.5
420,399,7.5
420,399,7.5
420,189,7.5
420,399,7.5
420,20,7.5
420,399,7.5
420,20,5
420,399,7.5
420,264,7.8
420,20,7.5
420,399,7.5
420,20,7.5
420,189,7.5
420,399,7.5
420,189,7.5
420,399,7.5
420,399,7.5
420,189,7.5
420,399,7.5
420,119,5
420,79,4.3
414,189,7.5
411,94,7.5
411,119,5.1
420,189,7.5
420,119,7.5
420,119,7.5
420,20,6.4
420,264,6.8
420,264,7.5
420,200,5
420,264,6.4
420,264,6.4
420,119,5
420,119,5
420,94,10
420,94,10
434,119,6.9
420,79,6.8
420,94,10
420,264,7.5
420,416,7.5
420,416,7.5
420,416,7.5
420,416,7.5
420,416,7.5
420,399,5
420,264,7.5
420,264,5
420,119,5
420,399,5
420,119,5
420,200,4.3
413,264,5.8
44,20,4.9
57,119,7.5
44,59,6.8
44,200,2.1
38,264,7.2
57,189,7.5
57,189,7.5
57,189,7.5
44,119,6.5
57,119,7.5
45,264,7.5
44,94,2.6
44,94,7.5
44,94,7.5
44,94,7.5
44,16,5.1
38,189,6.8
44,200,2.1
57,119,5.1
57,119,5.1
57,189,5.1
57,189,5.1
57,119,5.1
57,119,5.1
57,189,5.1
57,119,5.1
38,189,5.1
44,119,7.5
44,399,5
44,134,4.6
28,189,5
44,119,6.4
61,119,5.1
57,119,7.5
61,119,7.5
57,94,5
44,119,7.5
36,134,6.8
54,20,6.8
44,20,6.8
44,189,7.2
44,119,10
44,399,6.6
61,399,4.3
47,119,7.2
61,79,4.3
29,134,7.1
26,399,2.1
57,189,9.3
57,119,9.3
57,189,9.3
57,119,5.8
44,264,7.2
44,119,5.4
44,134,7.2
57,119,9.3
57,189,9.3
57,264,9.3
61,79,4.3
61,79,4.3
44,79,4.3
57,200,4.3
61,20,6.8
61,399,7.8
61,264,9.3
61,399,4.3
61,79,7.8
61,59,4.3
61,119,6.8
44,119,5.8
57,119,9.3
38,119,9.3
33,20,7.5
33,287,4.3
33,20,4.3
61,200,4.3
61,20,4.3
61,79,4.3
61,16,6.8
61,79,4.3
61,79,4.3
44,119,6.6
61,119,9.3
44,119,7.2
44,189,7.2
44,189,7.2
61,20,6.8
57,119,7.6
57,78,9.3
57,189,6.8
57,119,9.3
57,119,9.3
57,119,9.3
44,264,2.6
44,287,6.8
44,119,6.9
44,264,7.2
44,189,7.2
44,16,9.3
44,200,5
44,399,10
44,399,9
44,264,10
61,287,4.3
44,287,7.2
44,264,4.3
44,20,4.3
44,362,4.3
61,79,4.3
61,264,7.5
44,264,7.5
44,264,2.1
57,119,6.8
57,119,9.3
44,134,9.3
44,22,8.8
44,399,9.3
61,119,5
57,94,9.3
61,119,9.3
44,362,6.6
44,119,7.2
44,119,8.8
44,264,3.6
44,79,4.3
44,287,6.4
44,264,9.4
44,264,6.4
61,79,4.3
61,399,9.3
44,399,6.8
44,287,9.4
44,310,9.3
44,264,9.3
57,119,9.3
44,189,4.9
44,189,7.8
44,189,4.9
57,399,5.8
57,399,5.8
57,399,9.3
61,399,6.8
57,119,6.8
44,264,4.3
44,264,1.9
46,94,6.8
44,399,10
44,200,5
44,94,6.8
36,94,9.3
44,119,5.8
44,264,7.1
44,264,5
44,119,6.8
44,264,1.9
44,200,5
44,189,6.9
44,200,6.8
21,119,10
44,20,6.4
44,362,7.2
44,119,6.8
44,189,6.8
44,362,5.8
44,362,5.8
44,94,6.8
57,119,9.3
61,20,4.3
48,399,7.1
57,119,7.5
36,20,7.5
7,119,6.8
44,189,4.3
44,134,6.9
44,200,4.4
44,119,5.8
53,200,2.1
44,119,6.8
44,264,6.9
44,20,7.1
44,22,8.5
61,79,4.3
61,79,4.3
61,79,4.3
61,79,4.3
61,200,2.1
61,79,4.3
61,79,4.3
61,79,4.3
61,79,4.3
61,119,6.8
61,79,4.3
8,20,4.3
57,20,4.3
57,119,6.8
57,94,6.8
57,119,6.8
57,119,6.8
57,119,6.8
57,119,6.8
57,119,6.8
57,119,6.8
57,119,6.8
61,399,6.8
61,79,4.3
61,119,6.8
44,264,4.3
44,20,9.3
44,20,10
44,119,9.3
21,264,2.1
44,189,9.3
25,94,4.3
44,79,4.3
44,20,7.2
44,22,5
44,264,4.6
44,119,7.1
44,119,9.3
44,399,9.3
44,399,6.8
44,200,2.1
44,200,5
61,200,4.3
57,119,6.8
57,399,6.8
57,119,6.8
57,119,6.8
57,20,6.8
35,399,7.1
61,20,4.3
61,20,4.3
57,399,6.8
61,399,4.3
61,119,4.3
25,20,4.3
61,189,10
19,119,6.8
44,119,9.3
61,264,9.3
61,399,9.3
44,264,4.6
44,264,6.8
44,134,6.8
44,362,7.6
44,255,4.9
44,264,4.6
61,399,9.3
69,200,5
20,399,9.3
20,189,9.3
23,399,7.1
44,264,4.6
56,399,9.3
14,20,5
44,200,1.9
45,200,4.9
44,264,5
44,399,9.3
61,264,9.3
44,264,7.2
61,264,6.8
61,200,5
38,94,7.5
44,94,7.5
44,399,9.3
44,264,7.2
44,287,7.6
44,287,6.3
33,189,7.5
44,399,6.1
57,189,6.8
57,399,9.3
44,189,10
44,255,5
44,264,9
44,264,2.1
44,399,9.3
44,79,4.3
61,119,9.3
57,119,6.8
57,119,9.3
57,119,6.8
57,399,9.3
57,399,9.3
57,399,4.3
37,264,7.1
33,399,9.3
38,200,2.6
57,119,9.3
38,189,7.2
44,94,9.3
44,94,9.3
21,119,7.5
21,189,6.8
21,399,10
44,119,9.3
61,200,1.9
44,119,7.2
44,362,6.8
44,119,9.3
33,264,1.9
61,189,5
38,119,9.3
35,189,10
44,16,10
44,264,4.6
45,264,7.5
61,200,4.3
44,189,9.3
44,189,7.2
44,399,4.9
44,189,10
44,399,10
44,399,7.1
45,287,10
44,20,7.1
35,310,7.5
35,264,3.6
35,362,3.7
35,264,1.9
61,399,9.3
44,264,9.3
44,399,7.1
44,310,5
46,200,5
33,200,1.2
21,399,4.3
21,255,10
21,189,7.5
34,22,7.8
21,59,6.9
38,119,9.3
61,399,5
61,264,5.8
44,264,7.6
57,119,9.3
57,119,9.3
57,119,9.3
57,119,9.3
57,399,9.3
57,189,9.3
57,119,9.3
58,20,7.6
44,119,6.8
44,189,9.3
44,264,7.2
44,119,10
44,255,2.1
44,264,2.1
44,255,4.9
38,20,5
44,119,7.2
44,119,7.8
44,119,7.5
44,399,7.8
21,59,6.9
61,189,9.3
61,200,7.1
61,20,10
44,287,10
44,189,9.3
44,399,9.3
44,264,2.1
44,362,1.9
38,200,4.3
44,16,4.3
44,94,6.8
21,119,4.3
21,189,4.3
44,94,4.4
44,119,4.4
44,16,5
44,79,4.3
44,119,6.8
44,189,6.8
44,20,4.3
44,119,6.8
44,119,6.8
44,94,6.8
44,20,6.4
61,79,4.3
21,189,6.8
21,20,6.4
21,399,4.3
57,119,9.3
57,399,9.3
21,119,6.8
61,59,4.3
21,189,6.8
61,20,5
21,189,6.8
21,119,4.3
21,20,6.8
44,20,6.8
44,20,6.8
44,94,6.8
61,94,9.3
21,399,5
38,119,9.3
57,119,9.3
57,119,9.3
57,119,9.3
57,119,9.3
57,94,9.3
57,399,9.3
57,119,9.3
33,200,4.3
33,20,7.1
21,189,6.8
21,399,6.8
21,399,4.3
21,119,7.5
21,399,4.3
21,399,5
61,20,4.3
44,264,7.2
44,119,10
44,399,4.9
44,362,7.2
61,264,9.3
33,264,2.1
33,200,2.1
61,255,4.3
61,79,4.3
61,79,4.3
61,20,9.3
61,399,9.3
61,79,4.3
61,79,4.3
61,399,9.3
61,79,4.3
61,399,7.1
61,79,4.3
61,310,5
61,20,4.3
61,94,9.3
61,200,7.1
61,200,4.3
61,399,9.3
61,79,4.3
61,200,7.1
61,94,9.3
61,189,9.3
61,200,5
61,362,1.2
61,399,9.3
61,399,9.3
61,94,9.3
61,200,7.1
61,79,4.3
61,79,4.3
61,264,2.1
44,189,6.8
61,200,7.1
61,79,4.3
61,189,9.3
44,119,9.3
44,119,6.8
61,264,7.2
61,287,6.8
61,287,6.8
61,287,6.8
61,287,5.4
44,119,9.3
4,399,6.1
44,399,7.8
44,134,7.5
44,255,7.5
44,119,10
61,119,9.3
24,264,4.3
61,200,7.1
70,310,2.1
57,119,9.3
40,119,6.8
33,119,6.8
35,264,2.1
61,399,4.3
61,20,5.8
61,20,5
35,362,4.6
35,119,7.2
35,200,2.1
35,200,5
57,119,9.3
57,119,9.3
44,119,6.8
44,264,6.4
44,399,6.8
61,189,6.8
44,189,6.8
44,119,7.2
44,310,5.4
44,94,6.8
44,94,6.8
45,79,4.3
35,399,7.8
61,352,6.8
38,119,9.3
45,264,5
44,399,9.3
44,79,4.3
6,264,6.8
44,79,4.3
44,119,6.8
44,310,4.3
44,189,6.8
44,119,6.8
44,399,7.5
45,255,5
44,119,6.8
45,119,5.1
44,119,7.5
44,264,4.9
44,20,4.6
44,362,6.2
44,119,6.8
44,189,6.8
44,399,6.8
44,310,5
61,79,4.3
61,20,4.3
61,399,5
35,310,7.5
61,310,7.5
21,399,5
61,119,9.3
44,119,9.3
44,119,9.3
35,399,4.6
4,264,2.6
61,189,9.3
61,200,4.3
61,200,4.3
61,94,9.3
61,16,4.3
61,20,9.3
61,94,9.3
61,399,9.3
61,399,9.3
61,399,9.3
61,399,9.3
61,20,4.3
61,399,9.3
61,399,9.3
61,399,9.3
44,119,6.8
44,264,7.5
44,16,6.4
44,119,6.8
44,119,6.8
44,119,6.8
44,264,6.9
44,119,6.8
21,399,4.3
21,264,6.9
44,287,7.2
44,20,7.8
45,22,6.8
45,399,6.5
45,119,7.5
44,119,6.8
44,119,6.8
44,119,6.8
44,264,7.2
45,255,9
45,264,5
44,264,9.3
44,119,6.8
44,119,6.8
44,119,6.8
44,119,6.8
44,119,6.8
44,119,6.8
44,189,6.8
44,119,6.8
44,287,5
45,264,9
45,200,5
44,264,7.5
44,310,5
44,119,4.3
57,189,9.3
57,119,9.3
57,119,9.3
57,264,2.1
38,399,4.3
38,362,6.9
44,22,7.5
44,264,4
44,264,6.5
57,119,9.3
44,264,2.6
39,399,6.8
41,189,6.8
44,352,6
44,79,4.3
21,264,6.8
44,119,6.8
61,79,4.3
44,264,4.4
44,59,3.3
66,94,9.3
61,264,2.6
61,200,4.3
66,200,4.3
66,399,9.3
66,264,6.8
4,264,5
61,399,5
61,264,5
61,399,10
61,94,10
66,200,5.8
61,94,9.3
61,94,9.3
61,189,9.3
61,94,9.3
35,20,4.3
35,20,5
44,79,4.3
44,22,4.3
44,287,7.2
44,134,6.8
44,310,9.3
44,310,7.5
44,20,5
44,189,7.5
44,16,3.5
44,79,3.5
17,255,9.3
61,200,4.3
61,399,9.3
66,264,10
38,399,9.3
61,200,4.3
61,79,4.3
61,79,4.3
61,22,4.3
61,399,9.3
61,200,4.3
61,79,4.3
61,79,4.3
61,399,9.3
61,399,9.3
61,119,9.3
61,119,9.3
61,399,9.3
61,399,9.3
61,399,9.3
61,119,9.3
61,399,9.3
61,399,9.3
61,200,4.3
35,200,4.3
61,264,4.3
61,119,9.3
44,189,6.8
61,399,9.3
61,310,5
61,399,9.3
61,94,9.3
61,264,4.3
61,119,9.3
61,79,4.3
61,399,9.3
17,79,4.3
57,119,9.3
61,399,4.3
21,119,4.3
61,399,9.3
61,399,9.3
35,264,5
35,119,6.8
35,119,6.8
35,264,6.9
35,264,4.3
35,264,6.4
61,399,9.3
61,399,9.3
66,255,10
61,399,9.3
61,79,4.3
61,94,9.3
61,399,9.3
61,119,9.3
35,362,1.9
38,119,9.3
61,79,4.3
61,399,9.3
35,399,6.8
61,119,9.3
61,119,9.3
61,119,9.3
61,119,9.3
61,399,9.3
61,119,9.3
61,119,9.3
61,119,9.3
61,189,9.3
61,119,9.3
61,399,9.3
44,264,4.9
61,200,2.6
35,119,9.3
57,119,9.3
17,200,5
20,119,6.8
43,287,6.4
61,264,6.9
61,399,9.3
61,20,9.3
11,119,6.8
35,119,6.8
35,119,6.8
35,119,6.8
57,824,9.3
44,287,6.8
61,189,9.3
44,20,5
44,22,6
44,119,6.8
44,119,6.8
44,119,6.8
44,20,5.8
44,119,6.8
44,119,6.8
44,287,4.4
44,119,7.5
44,20,9.3
44,119,9.3
44,20,7.8
44,20,7.1
44,20,6.8
44,119,6.8
44,399,4.9
61,399,7.6
61,255,4.3
61,200,4.3
21,59,2.6
21,399,5
66,264,4.3
61,264,4.3
44,189,4.9
21,399,7.9
35,264,6.9
61,399,10
61,399,9.3
21,20,6.8
45,264,6.8
44,119,6.8
44,119,6.8
44,119,6.8
57,20,6.8
57,119,6.8
57,119,6.8
57,119,6.8
57,189,6.8
57,119,6.8
44,119,6.8
44,119,6.8
44,200,4.3
45,79,3.5
44,119,6.8
57,119,9.3
57,119,9.3
57,189,9.3
61,189,9.3
61,310,5
61,189,9.3
61,94,9.3
61,94,9.3
61,399,9.3
61,189,9.3
61,264,5.8
61,399,9.3
61,399,9.3
61,94,9.3
61,399,9.3
61,119,9.3
61,119,9.3
61,399,9.3
61,399,9.3
35,20,4.3
35,264,5.8
35,264,7.2
35,200,4.3
35,119,6.8
46,264,4.3
61,119,4.3
57,189,9.3
44,189,6.8
45,200,4
35,362,6.2
44,134,6.8
44,399,4
61,264,5
38,119,7.6
38,119,7.6
38,119,7.6
38,119,7.6
38,119,7.6
38,399,7.6
38,119,7.6
38,119,7.6
38,119,7.6
38,119,7.6
38,119,7.6
38,119,7.6
38,119,7.6
38,119,7.6
38,119,7.6
38,119,7.6
38,119,7.6
38,119,7.6
38,119,7.6
38,119,7.6
38,119,7.6
38,399,7.6
38,119,7.6
38,119,7.6
38,119,7.6
38,119,7.6
38,119,7.6
38,119,7.6
38,119,7.6
38,119,7.6
38,119,7.6
38,119,7.6
38,119,7.6
38,119,7.6
38,119,7.6
38,119,7.6
38,119,7.6
38,119,7.6
38,119,7.6
38,119,7.6
38,119,7.6
38,119,7.6
38,119,7.6
38,119,7.6
38,119,7.6
38,119,7.6
66,119,7.5
35,20,4.3
35,20,5
61,20,5
61,20,4.3
10,20,7.8
61,20,4.3
38,119,7.6
38,119,7.6
61,264,5.8
61,264,4.3
38,119,7.6
61,79,2.6
38,119,9.3
44,189,4.9
12,134,6.8
44,119,6.8
44,119,6.8
44,119,6.8
44,119,6.8
16,200,2.1
44,119,6.8
44,189,2.1
28,189,6.8
44,20,7.2
44,189,5
44,119,6.8
44,134,4.4
57,119,6.8
57,200,4.3
64,16,5
30,20,4.3
38,119,9.3
38,119,9.3
44,119,6.8
28,189,6.8
35,200,4.3
44,399,7.8
44,200,2.1
44,119,6.8
44,20,5.8
44,189,6.8
44,189,7.5
44,189,6.8
45,22,5
28,119,6.8
28,119,6.8
44,119,7.5
44,310,5
44,119,6.8
57,189,6.8
57,119,6.8
57,189,6.8
45,399,6.4
57,119,6.8
17,310,5
28,20,9.3
61,189,9.3
61,200,4.3
61,119,9.3
61,264,5.8
61,119,9.3
61,119,9.3
61,119,9.3
44,94,6.8
61,119,9.3
35,264,7.2
35,20,7.5
44,119,6.8
44,119,7.5
44,200,5
61,119,9.3
61,119,9.3
61,119,9.3
61,119,9.3
61,119,9.3
61,119,9.3
61,119,9.3
28,119,9.3
61,79,4.3
61,200,4.3
57,119,9.3
57,119,9.3
57,119,9.3
57,119,9.3
57,119,9.3
57,119,9.3
57,119,9.3
57,119,9.3
61,119,9.3
61,119,9.3
61,119,9.3
57,189,9.3
57,189,9.3
57,119,9.3
38,119,7.6
44,264,4.6
44,16,6.9
66,399,4.3
44,59,1.9
61,119,9.3
66,189,10
61,20,7.5
61,399,6.8
35,189,6.8
10,200,5
61,119,9.3
61,119,9.3
61,119,9.3
44,264,7.6
61,20,8.8
61,119,9.3
66,189,6.8
66,20,7.5
38,119,7.6
38,119,7.6
38,119,7.6
38,119,7.6
38,119,7.6
38,119,7.6
44,264,7.1
38,119,7.6
38,119,7.6
38,119,7.6
38,119,7.6
38,119,7.6
38,119,7.6
38,119,7.6
38,119,7.6
38,119,7.6
38,119,9.3
38,119,7.6
38,119,9.3
38,119,9.3
38,119,9.3
38,119,9.3
38,119,9.3
38,119,9.3
38,119,9.3
21,119,5.1
21,119,5.1
44,310,2.1
44,264,7.6
44,264,4.6
44,264,2.1
44,264,2.1
44,119,6.8
44,79,2.6
38,119,9.3
44,200,4.3
44,94,6.8
44,119,6.8
44,119,6.8
44,264,5
44,264,6.8
44,20,6.8
44,94,6.8
61,22,6.8
61,264,6.8
61,94,6.8
38,119,7.6
38,119,7.6
38,119,7.6
38,119,7.6
38,119,7.6
38,119,7.6
38,119,7.6
61,200,5
61,79,4.3
38,119,7.6
35,255,2.1
35,200,5
57,189,9.3
57,189,9.3
57,119,9.3
57,189,9.3
57,119,9.3
38,119,9.3
35,200,2.6
35,79,4.3
35,255,4.3
35,94,4.3
35,264,2.1
10,399,5
35,94,6.8
35,94,6.8
44,20,4.3
35,79,4.3
10,200,2.6
35,255,2.1
35,200,2.1
35,399,5
35,255,4.3
44,255,2.1
44,264,6.5
44,189,6.8
35,119,9.3
32,264,1.2
35,200,4.3
35,399,7.2
61,399,7.5
44,310,4.3
44,200,4.3
44,119,6.8
44,399,6.8
44,399,6.8
44,200,4.3
44,189,7.5
44,119,7.5
44,264,6.8
44,189,6.8
44,119,7.5
44,287,7.2
61,20,4.3
61,399,7.6
68,79,4.3
61,264,5
57,119,9.3
61,20,6.4
35,264,5
35,79,4.3
35,79,4.3
35,79,4.3
35,79,4.3
35,79,4.3
38,119,9.3
38,119,9.3
38,119,9.3
38,119,9.3
38,119,9.3
38,119,9.3
38,119,9.3
38,119,9.3
38,119,9.3
38,119,9.3
38,119,9.3
38,119,9.3
38,119,9.3
38,119,9.3
38,119,9.3
38,119,9.3
38,119,9.3
38,119,6.8
38,119,9.3
38,119,9.3
38,119,9.3
38,119,9.3
38,119,9.3
38,119,9.3
38,119,9.3
38,119,9.3
38,119,9.3
38,119,9.3
38,119,9.3
38,119,9.3
38,119,9.3
38,119,9.3
38,119,9.3
38,119,9.3
38,119,9.3
38,119,9.3
38,119,9.3
38,119,9.3
38,119,9.3
38,119,9.3
38,119,9.3
38,119,9.3
38,119,9.3
38,119,7.6
38,119,9.3
38,119,7.6
38,119,7.6
38,119,7.6
38,119,7.6
61,200,5
35,20,5
35,189,9.3
35,264,9.3
35,362,6.9
35,264,1.2
35,134,9.3
61,200,5
38,119,7.6
44,362,6.9
44,119,7.5
44,200,5
44,200,4.9
44,119,6.8
44,310,6.4
44,362,6.9
44,264,2.1
44,119,6.8
44,189,6.8
44,119,6.8
44,399,6.8
44,189,7.5
57,119,9.3
57,119,9.3
57,119,9.3
57,119,9.3
57,189,9.3
57,119,9.3
57,119,9.3
57,189,9.3
57,94,9.3
35,119,6.8
35,20,4.3
44,287,4.3
61,20,5
38,119,9.3
61,79,4.3
61,264,4.3
61,264,5
9,310,4.3
61,119,9.3
61,119,9.3
38,119,9.3
38,119,9.3
38,119,9.3
61,119,9.3
61,119,9.3
61,119,9.3
38,119,9.3
61,119,9.3
61,119,9.3
61,119,9.3
61,119,9.3
61,119,9.3
61,119,9.3
61,119,9.3
61,119,9.3
61,119,9.3
61,200,4.3
61,119,9.3
61,119,9.3
61,119,9.3
61,119,9.3
61,119,9.3
61,119,9.3
61,119,9.3
61,119,9.3
61,119,9.3
61,119,9.3
61,119,9.3
61,119,9.3
61,119,9.3
61,119,9.3
61,119,9.3
61,119,9.3
61,119,9.3
61,119,9.3
61,119,9.3
38,119,9.3
61,20,5.8
61,264,4.3
61,20,5.8
61,200,4.3
61,79,4.3
61,20,4.3
61,264,7.1
69,264,5
38,119,9.3
61,264,4.3
61,264,4.3
61,310,4.3
44,119,7.5
44,200,2.1
44,20,6.8
44,255,4.3
44,287,5
35,399,6.8
44,119,4.6
35,200,5
35,200,3.3
35,399,6.8
35,119,6.8
35,264,6.9
35,264,1.9
35,310,6.4
35,200,4.3
35,310,1.9
35,200,2.1
35,264,4.6
35,264,2.1
35,264,3.6
35,264,2.1
35,264,2.1
35,287,1.9
35,264,5
35,264,5
35,119,5
35,310,4.3
35,119,6.8
61,362,5.1
35,200,5
35,264,3.6
57,399,9.3
57,119,9.3
57,119,9.3
57,399,9.3
57,119,9.3
57,119,9.3
57,119,9.3
27,20,5.8
21,264,7.2
61,79,4.3
35,119,6.8
35,119,6.8
35,119,6.8
35,119,6.8
35,119,6.8
35,119,6.8
35,119,6.8
35,119,6.8
35,119,6.8
35,264,5.8
35,119,6.8
35,119,6.8
35,79,2.6
35,20,2.1
10,20,3.6
35,119,6.8
44,264,4.9
44,399,6.8
44,119,6.8
44,119,6.8
10,200,2.1
35,264,1.9
35,264,2.1
44,200,1.7
44,119,6.8
44,119,9.3
44,287,2.1
57,119,9.3
57,399,9.3
57,119,9.3
57,119,9.3
44,264,4.9
38,399,6.8
38,399,6.8
38,399,6.8
38,399,6.8
38,399,6.8
38,399,6.8
38,399,6.8
38,399,6.8
38,119,9.3
38,119,9.3
38,399,9.3
38,399,9.3
38,399,9.3
38,399,9.3
38,399,9.3
38,399,9.3
38,399,9.3
38,399,9.3
61,119,6.8
38,399,9.3
38,399,6.8
61,79,4.3
61,20,4.3
38,20,4.3
57,119,9.3
57,119,9.3
57,119,9.3
57,119,9.3
57,119,9.3
57,399,9.3
57,119,9.3
57,119,9.3
61,119,6.8
44,20,6.8
35,119,6.8
35,119,6.8
44,264,6.8
35,20,5.8
44,20,4.9
44,200,2.1
44,264,3.3
57,119,6.8
44,264,5.5
50,79,4.3
38,119,9.3
35,119,6.8
35,119,6.8
35,119,6.8
35,119,6.8
35,119,6.8
35,119,6.8
35,119,6.8
35,119,6.8
35,119,6.8
35,119,6.8
35,119,6.8
35,119,6.8
61,310,4.3
35,20,4.3
44,264,2.1
35,119,5
35,20,4.6
44,264,2.1
35,200,4.9
35,20,6.9
31,20,6.2
35,255,5.8
35,119,6.8
35,119,6.8
35,119,6.8
35,119,6.8
35,79,4.3
61,200,5
35,79,4.3
2,189,5.4
35,264,8.8
9,134,7.5
9,200,4.3
35,264,2.6
35,119,9.3
35,20,7.8
35,189,7.1
35,200,4.9
35,264,3.3
35,264,6.3
35,362,3.7
42,264,7.2
35,264,4.3
35,200,1.9
35,79,4.3
35,20,4.3
35,264,2.1
35,264,4.3
35,20,7.1
35,264,4.3
35,264,5
35,264,2.1
35,264,4.3
35,264,3.3
35,264,4.4
35,264,2.1
44,287,6.6
35,362,3.3
44,264,6.4
44,16,5
44,20,6.8
44,264,1.9
44,119,6.8
44,264,3.3
44,189,7.1
44,310,2.1
44,189,4.9
44,20,6.6
44,189,4.9
44,189,4.9
44,264,5
44,264,7.5
44,310,4.3
44,310,4.3
44,310,5
44,200,2.6
44,399,5.7
44,310,4.3
44,264,2.1
44,264,1.9
44,264,4
44,264,5.8
44,264,4.3
44,264,2.1
44,20,4.9
35,255,4.7
61,119,6.8
61,119,6.8
61,119,6.8
61,119,6.8
61,119,6.8
61,119,6.8
61,264,6.4
61,119,6.8
49,190,5
44,119,4.7
35,264,5
21,59,1.2
61,310,2.1
38,310,5.8
57,119,9.3
57,119,9.3
57,189,9.3
57,119,9.3
57,119,9.3
57,119,9.3
57,119,9.3
57,119,9.3
57,119,9.3
51,415,7.5
15,119,4.7
44,119,6.8
44,20,7.5
44,119,7.5
44,264,3.6
44,119,6.8
44,119,6.8
44,119,6.8
44,189,7.5
44,119,7.5
44,310,4.3
44,264,3.3
44,264,4.6
10,20,5.8
10,20,5.8
61,119,6.8
61,119,6.8
61,119,6.8
10,20,7.8
10,59,6.3
10,20,5.8
35,200,2.1
10,119,6.8
35,264,5
10,119,7.2
10,264,2.1
35,264,1.9
10,264,5.8
35,264,5.8
10,119,7.2
10,119,6.8
10,119,6.8
10,119,6.8
10,119,6.8
10,119,6.8
10,119,6.8
10,287,6.8
10,264,4.3
61,20,5
61,119,6.8
61,119,6.8
61,119,6.8
61,119,6.8
61,119,10
61,119,6.8
61,119,6.8
61,119,6.8
61,119,6.8
61,119,6.8
61,119,6.8
61,119,6.8
61,119,6.8
61,119,6.8
44,264,10
44,134,6.8
44,20,5
44,200,2.1
44,20,10
44,119,6.8
10,200,4.9
44,264,3.3
44,200,4.9
61,119,6.8
61,119,6.8
10,119,6.8
61,119,6.8
61,119,6.8
61,119,6.8
61,119,6.8
61,119,6.8
61,119,6.8
61,119,6.8
61,119,6.8
61,119,6.8
61,119,6.8
61,119,6.8
61,119,6.8
61,119,6.8
61,119,6.8
61,119,6.8
61,119,6.8
61,119,6.8
61,20,5
38,264,4.4
35,310,2.1
35,264,4.6
35,264,3.6
35,264,1.9
35,264,3.6
35,399,6.8
10,119,10
10,119,10
10,189,10
10,189,10
35,20,2.1
10,200,5
10,119,6.8
10,119,6.8
10,119,6.8
10,119,6.8
10,119,6.8
10,119,6.8
10,119,6.8
61,20,4.3
44,119,6.8
44,119,7.5
44,264,4.9
44,264,10
44,264,2.1
44,264,10
44,264,2.1
44,264,2.6
44,264,10
10,119,6.8
10,264,5.5
61,119,6.8
61,119,6.8
61,119,6.8
61,119,6.8
61,119,6.8
61,119,6.8
61,119,6.8
44,119,6.8
35,264,4.9
44,20,6.4
21,79,4.3
21,59,1.2
44,119,6.8
35,310,2.1
35,362,4.3
35,264,5.8
35,200,2.1
10,200,2.1
35,200,5
35,200,5
35,255,5
10,310,2.9
35,255,5
35,264,2.1
35,264,6.9
10,59,3.6
10,189,6.8
10,119,5.8
10,119,7.1
10,119,9.3
10,119,9.3
10,20,4.3
35,22,1.9
35,362,1.9
10,20,9.3
10,189,9.3
44,20,9.3
44,119,10
44,20,6.9
44,20,6.9
44,20,6.9
44,20,6.9
44,20,6.9
44,20,6.9
44,20,6.9
44,20,6.9
44,119,9.3
44,200,2.1
10,119,9.3
50,79,4.3
10,200,4.3
10,119,6.9
35,200,4.3
10,119,6.8
10,119,6.8
10,119,6.8
10,119,6.8
10,119,6.8
10,119,6.8
44,20,6.9
10,20,9.3
10,310,6.8
35,264,4.3
50,89,7.5
57,119,9.3
21,59,1.5
21,59,1.9
21,264,5
44,20,9.3
688,89,10
678,119,10
739,79,2.6
739,189,4.3
679,255,1.9
687,16,5.8
729,264,10
685,79,4.3
685,200,4.3
726,264,5
685,79,4.3
750,264,4.6
750,264,7.2
691,59,1.2
712,119,7.5
750,200,4.3
701,16,5
690,264,5
685,79,4.3
750,362,4.7
729,20,4.3
677,310,4.4
727,119,6.8
750,94,10
699,264,10
727,189,6.8
727,399,4.3
727,22,9.3
729,119,6.8
707,20,9.3
727,20,9.3
737,134,7.2
750,20,4.9
724,119,10
750,362,4.9
705,287,7.5
705,94,6.8
680,264,5
750,189,4.9
727,264,5.4
727,264,7.1
727,264,2.6
727,264,4
750,399,4.9
722,20,2.6
750,16,4.9
750,20,7.8
741,189,6.8
726,399,5
750,362,7.6
750,362,4.7
750,264,9.3
750,16,3.5
719,79,4.3
719,79,4.3
719,79,4.3
719,79,4.3
752,119,7.5
714,79,4.3
714,79,4.3
714,20,5.8
727,264,7.8
727,264,10
750,20,4.7
750,264,4.6
750,362,4.7
750,200,4.7
742,119,9.3
742,134,9.3
750,264,6.8
750,78,4.9
727,264,9.3
727,264,6.8
727,119,9.3
727,119,6.8
727,264,9.3
727,264,9.3
727,119,6.8
705,79,4.3
730,79,4.3
750,287,6.3
750,264,10
750,362,4.7
750,16,6.6
750,399,6.8
750,264,4.6
713,264,7.5
727,94,9.3
750,16,7.8
750,399,7.8
707,200,5
750,16,7.8
720,79,4.3
693,20,7.5
695,264,5
695,22,10
695,119,10
694,20,7.5
695,287,7.5
750,362,4.7
720,79,4.3
750,362,6.9
679,264,7.2
748,399,4.9
705,287,9.3
750,399,4.9
742,189,7.2
705,20,7.5
750,399,7.8
727,264,9.3
727,264,6.8
727,264,8.3
727,264,4.3
727,264,10
727,119,10
727,264,7.5
727,264,4.3
727,20,10
727,264,10
727,264,10
727,200,5
727,16,7.5
721,287,6.5
766,264,7.2
691,94,7.5
750,264,7.2
742,399,4.7
689,264,10
742,20,7.2
750,119,10
750,189,10
742,264,7.2
750,264,7.2
742,399,4.7
719,119,10
750,119,10
684,287,9
692,200,2.1
724,20,10
676,264,4.6
754,362,4
716,79,4.3
732,200,4.6
714,79,4.3
714,352,6.8
714,22,7.8
714,20,6.4
742,264,5.8
727,264,10
727,200,5
727,200,5
727,200,7.1
727,264,7.5
727,200,5
727,264,7.5
727,189,9.3
727,119,9.3
727,287,10
727,119,9.3
727,189,9.3
727,119,9.3
727,119,9.3
750,310,7.8
743,264,7.5
743,200,4.3
718,264,5
742,399,5.4
725,119,9.3
742,399,5
742,399,7.2
742,255,2.1
742,264,4.6
749,59,6.9
742,399,5.4
718,79,4.3
742,264,8.5
683,287,5
742,399,4.9
742,189,4.9
705,264,9
705,264,6
755,264,10
742,20,5
742,362,4.9
707,200,5
682,264,10
682,264,10
742,310,4.9
705,200,5
742,264,7.2
742,189,4.9
713,20,7.8
740,189,5
742,399,4.9
733,79,4.3
742,399,4.7
742,264,6.8
742,264,6.8
742,399,4.9
742,362,6.9
766,59,6.9
709,79,4.3
742,399,4.7
742,399,4.9
714,310,5
714,255,5
714,200,5
714,264,6.5
714,264,4
714,79,4.3
714,79,4.3
714,79,4.3
714,20,9
714,94,9
714,264,6.4
727,16,5
727,189,10
727,119,10
727,119,9.3
727,119,9.3
702,189,7.5
691,94,6.4
691,16,5.8
727,20,6.4
727,399,5
742,362,4.4
708,79,4.3
708,20,5
742,200,2.1
711,20,6.8
765,79,4.3
729,119,9.3
729,119,9.3
729,94,7.5
709,79,4.3
718,79,4.3
740,264,10
742,255,4.7
720,79,4.3
742,200,2.1
742,362,4.9
742,399,7.8
741,119,9.3
742,399,4.9
705,79,2.6
742,264,4.6
723,79,4.3
731,362,2.1
720,200,5
703,200,7.8
703,264,10
742,399,7.8
727,264,5
742,362,4.9
727,264,5
727,264,7.5
727,264,7.5
727,264,7.5
727,264,10
703,264,10
703,264,5
705,264,2.1
763,20,4.9
703,264,6.8
703,264,6.8
703,119,5
703,362,9.3
762,200,3.5
742,399,4.9
741,189,9.3
741,119,9.3
750,399,7.8
742,399,7.1
742,399,4.9
742,119,7.2
741,189,9.3
741,94,9.3
742,399,4.9
729,22,5
750,16,1.9
727,94,9.3
727,264,9.3
727,119,9.3
727,119,9.3
727,119,9.3
727,119,9.3
727,119,9.3
727,189,9.3
727,310,5
727,399,5
727,399,5
720,119,9.3
729,264,5
729,200,7.5
727,200,7.5
727,200,7.5
742,399,7.8
762,287,7.5
742,399,4.9
718,79,4.3
742,362,7.1
743,310,7.8
743,264,4.4
713,362,6.8
713,16,5
741,264,9.3
742,264,4.6
720,119,7.5
750,264,6.8
720,20,10
720,119,10
707,16,4.3
720,119,7.5
720,134,7.5
741,264,9.3
742,20,4.9
742,16,7.5
742,16,7.5
750,59,3.3
709,79,4.3
741,22,9.3
741,399,9.3
741,119,9.3
741,189,9.3
741,264,6.9
741,119,9.3
741,119,9.3
761,255,2.1
199,16,6.1
199,287,7.1
199,399,7.1
206,119,5
199,20,7.1
103,399,5.5
199,16,9.3
286,264,7.5
199,399,7.8
145,399,7.8
199,119,7.5
199,20,7.1
345,287,10
282,255,7.2
143,20,10
199,264,9.3
199,119,9.3
160,20,5
381,20,7.1
199,287,4.3
335,79,4.3
335,89,9.3
398,399,5
375,264,9
375,287,10
91,255,4.3
172,16,7.8
144,264,5
199,119,9.3
405,264,10
133,264,5
329,399,7.8
329,119,10
199,79,4.3
199,119,6.9
199,200,2.1
199,200,5
199,189,9.3
185,20,7.1
91,20,7.1
185,20,7.8
185,264,6.8
283,119,10
355,79,4.3
157,79,4.3
206,119,7.8
347,200,3.5
329,89,6.5
329,119,10
115,255,10
385,399,4.9
291,20,7.8
291,20,7.8
291,119,10
291,119,10
291,119,10
291,119,9.3
89,119,10
89,79,4.3
288,20,7.8
288,255,7.8
288,287,7.8
199,399,7.1
199,399,7.1
148,399,7.8
182,287,10
237,200,10
148,200,5.1
153,20,10
359,20,7.8
255,264,6.8
359,20,7.8
359,20,7.8
335,399,7.8
335,399,7.8
329,20,7.8
335,20,7.8
335,20,7.8
329,20,7.8
329,20,7.8
147,399,7.8
91,20,7.8
91,20,7.8
91,399,7.8
91,264,7.8
198,16,7.8
335,20,7.8
335,264,5
131,79,4.3
280,399,7.5
219,20,7.8
335,287,5
92,399,7.1
92,20,7.1
92,200,7.1
391,119,9.3
199,399,7.8
199,20,5.1
199,264,8.5
199,264,8.5
199,16,9.3
199,20,7.8
199,20,7.8
199,20,7.1
366,287,5.8
119,287,4.3
93,399,7.8
247,20,7.8
199,79,4.3
199,352,9.3
221,255,10
408,200,10
408,119,9.3
350,20,7.1
366,79,3.5
366,399,7.1
366,264,4
199,310,6.8
406,79,4.3
121,20,4.3
212,310,4.3
212,255,4.3
212,352,6.8
212,352,6.8
335,20,4.3
80,20,6.1
80,20,7.8
80,20,7.8
140,264,9
199,79,4.3
199,352,6.8
230,287,9
110,22,9
114,255,10
114,255,10
111,255,10
86,16,10
86,94,7.8
199,399,7.8
148,200,9
335,255,9
199,399,7.1
199,264,7.1
86,310,7.8
355,79,3.5
203,119,3.3
92,287,7.8
92,264,4.3
152,22,10
211,79,4.3
253,399,7.8
141,399,7.8
141,399,7.8
199,399,7.1
91,79,4.3
91,79,4.3
91,79,4.3
300,79,4.3
409,200,5
409,200,3.5
409,79,4.3
409,22,7.8
409,22,7.8
408,310,7.8
407,352,6.8
372,200,6.8
174,22,9
174,79,3.5
199,16,5.4
203,20,4.3
203,264,3.3
406,352,6.8
199,264,4.3
199,287,7.1
336,119,7.6
387,119,9.3
387,119,9.3
387,119,9.3
387,119,9.3
387,119,9.3
387,119,9.3
103,310,7.8
175,310,3.3
88,200,5
92,264,6.5
121,79,4.3
121,264,10
121,264,5
121,399,7.8
121,20,7.8
121,119,10
121,20,7.8
107,59,3.3
281,264,2.1
97,399,5
199,399,7.8
199,399,7.8
199,399,6.8
153,119,10
355,89,9
355,255,6.4
355,264,8.5
283,22,6.8
283,89,6.5
281,79,4.3
179,255,10
179,264,8.5
179,200,7.1
404,264,5
199,399,7.1
199,310,7.8
199,399,7.8
281,20,9.3
267,264,9
270,79,4.3
229,255,10
229,255,9.3
229,255,9.3
229,264,10
252,20,7.8
252,20,7.8
252,20,7.8
163,79,4.3
163,200,5
321,20,5
252,20,7.8
252,20,7.8
252,20,7.8
252,399,7.8
252,20,7.8
210,310,5
176,22,7.8
194,264,10
171,264,7.5
86,20,7.5
166,22,7.8
277,352,6.8
277,287,6.4
277,255,5
218,79,2.9
86,20,7.5
185,20,7.8
402,89,9
199,20,7.8
199,399,7.8
360,399,7.8
360,20,7.8
404,264,9
404,264,9
365,200,2.1
365,255,10
365,16,10
365,310,10
365,119,7.8
365,119,7.8
365,200,7.1
402,79,4.3
402,79,4.3
365,79,4.3
404,264,9
404,264,5
203,20,5
152,119,10
362,94,8.5
363,255,10
335,78,6.8
196,119,10
388,119,9.3
388,119,9.3
388,119,9.3
388,119,9.3
388,119,9.3
390,119,6.8
363,310,4.9
363,255,4.9
362,310,6.4
362,310,5
119,200,5
97,399,7.8
199,399,7.8
97,399,7.8
97,399,7.8
97,399,7.8
97,264,9
97,399,6.8
97,399,5
97,264,7.5
97,20,7.8
97,264,9
97,399,7.8
199,399,7.8
199,399,7.1
199,310,4
199,399,7.8
97,264,7.8
97,287,5
199,264,6.4
223,119,7.8
301,255,10
73,399,7.8
283,94,10
315,78,10
315,78,9
315,78,9
315,78,9
315,200,10
315,399,7.8
315,78,8.3
97,119,7.9
306,287,7.5
306,78,10
312,78,10
309,287,10
309,287,10
312,94,9.3
309,264,8
309,399,7.8
309,399,7.8
309,399,7.8
312,399,7.8
312,287,7.5
97,399,7.8
97,399,7.8
97,399,7.8
97,264,7.8
281,20,9.3
281,20,9.3
199,310,10
335,399,7.8
203,399,7.8
199,399,7.8
199,399,7.8
199,399,7.8
203,399,7.8
279,255,5
358,79,4.3
358,89,7.5
152,79,4.3
358,79,4.3
233,264,5
152,22,6.8
348,264,6.6
348,264,6.6
335,399,7.1
335,22,6.5
335,89,8.5
335,89,6.4
227,255,10
199,399,7.8
199,362,5.4
348,264,1.5
199,399,7.8
335,200,10
273,16,9.3
273,94,9
273,200,5
166,399,7.8
203,399,7.8
162,255,10
106,20,7.6
106,20,9.3
106,264,7.2
152,200,5
199,399,7.8
199,399,7.8
199,200,5
97,399,4.9
169,399,7.8
335,399,7.8
199,16,5
302,119,9
310,79,3.5
298,79,4.3
274,89,5
274,264,9
312,255,10
335,399,7.8
335,399,7.1
340,264,6.8
199,399,7.8
246,264,5
342,20,5
292,264,7.5
292,94,6.5
199,20,5.4
199,399,7.8
199,399,7.8
199,399,7.8
199,399,7.8
199,399,7.8
135,20,5
97,20,5
214,399,7.8
359,399,7.8
199,264,3.6
192,255,10
278,352,6.8
319,79,4.3
203,20,7.8
186,399,7.8
186,287,7.8
97,287,7.9
97,399,7.8
97,399,7.8
97,399,7.8
97,399,7.8
97,399,7.8
97,399,7.8
234,22,7.8
97,200,4.3
152,94,9
330,22,7.8
278,79,4.3
378,399,7.8
394,119,9.3
394,119,9.3
295,352,9.3
97,20,7.8
199,20,5.4
402,200,4
199,20,5
199,20,5.4
335,399,5.4
198,287,5
241,399,7.8
199,20,6.3
355,200,5
152,94,4.3
132,399,7.8
132,89,6.8
222,16,7.5
224,16,7.5
303,264,10
217,119,9.3
179,94,9
315,399,7.8
315,399,7.5
293,287,5
97,287,5
355,89,6.5
199,20,5
199,20,5
212,79,4.3
240,399,7.8
97,20,7.1
97,20,7.1
97,20,7.8
97,20,7.8
97,119,9.3
158,399,7.8
199,399,5
204,264,5
199,264,4.3
294,94,9
294,264,7.8
294,22,9
367,264,9
367,399,7.8
77,399,7.8
77,399,7.8
77,399,7.8
77,264,9.3
97,189,7.8
199,310,7.8
199,399,7.1
199,399,7.8
199,264,8.5
199,20,7.8
199,310,7.8
199,399,7.8
199,399,7.8
199,399,7.8
199,399,7.8
199,399,7.1
337,264,6.5
199,399,7.8
199,399,7.8
199,119,5.4
199,362,7.1
199,284,6.1
347,94,4.6
394,119,9.3
394,119,9.3
394,119,9.3
138,362,6.3
340,119,5
226,119,5
135,264,5
199,119,3.5
182,399,5
399,200,5
243,119,5
199,200,4.3
124,20,6.1
199,20,5
106,119,3.5
97,399,7.8
97,200,4
306,94,8.3
126,20,7.8
204,20,5
106,20,9.3
106,20,4.3
106,20,4.3
106,20,6.8
106,287,4
106,310,5.8
106,310,4
276,79,4.3
388,119,9.3
394,119,9.3
394,119,9.3
394,119,9.3
394,119,9.3
367,399,7.8
199,20,5.7
112,362,7.1
315,78,8.3
315,78,9
311,78,9
199,399,7.8
106,200,5
198,399,5
198,119,5
192,352,6.8
199,119,5
111,399,5
214,119,7.8
394,119,9.3
394,119,9.3
394,119,9.3
394,119,9.3
394,119,9.3
394,119,9.3
199,264,5
335,20,7.8
199,399,7.1
337,20,4.3
337,310,5.8
337,255,5.8
246,78,7.2
246,20,6.8
246,264,6.8
337,287,8.5
337,20,5
337,119,4.6
337,20,6.8
337,119,4
337,352,6.8
337,20,5
337,77,5.1
337,20,5.1
337,255,4.3
337,20,6.6
244,264,4
246,20,5
337,20,5.8
337,20,4.6
337,119,5.4
337,20,5.5
337,20,6.2
246,20,4.3
246,20,5
246,20,4.3
337,20,6.8
337,20,6.8
337,22,6.6
337,20,4.6
337,264,6.8
337,264,4.6
337,78,6.8
337,20,6.8
337,20,6.8
337,20,6.8
337,264,6.8
337,264,4.6
337,310,5.8
337,310,5.8
337,200,4.3
337,20,5.8
246,264,6.8
246,20,6.2
246,22,4.6
246,22,4.6
337,264,6.8
246,264,6.2
199,20,7.1
199,399,7.8
199,399,7.8
72,399,7.8
199,399,7.8
202,399,7.1
199,20,7.8
122,399,7.8
97,399,7.1
199,189,4.3
281,20,9.3
199,287,5
97,287,7.1
97,119,7.8
97,119,9
97,119,7.1
97,119,7.1
124,20,6.8
199,287,6.4
199,399,6.8
144,264,4.6
199,399,4.3
199,119,5.4
81,362,5.4
355,119,7.8
261,264,10
97,399,7.8
278,20,5
199,20,4
319,264,5
347,20,6.8
97,264,6.3
124,20,6.1
192,79,4.3
264,79,4.3
77,352,6.8
77,79,4.3
102,119,6.1
232,79,4.3
263,20,10
97,20,6.3
244,399,4.9
268,79,4.3
387,20,5.8
199,399,5.4
77,264,9
396,200,4
397,264,4
397,352,6.8
397,264,4
129,264,9
135,20,5
333,79,4.3
369,79,4.3
388,119,9.3
388,119,9.3
394,119,9.3
394,119,9.3
394,119,9.3
369,352,6.8
246,399,5.4
244,20,5
355,79,4.3
237,310,5.8
114,20,6.8
355,352,6.8
367,399,5
106,264,6.8
333,79,4.3
335,20,7.8
335,287,7.1
259,20,7.1
199,399,4.6
360,119,7.8
97,119,5
161,264,4
286,200,4.3
403,119,6.1
199,362,7.8
199,119,7.1
199,399,7.8
199,399,7.8
199,119,7.8
199,119,7.8
199,119,7.8
97,287,7.8
97,20,7.1
186,287,7.8
258,22,5
258,79,4.3
258,79,4.3
258,79,4.3
258,79,4.3
215,20,6.3
203,20,5
164,89,7.5
124,20,7.8
124,20,7.8
124,22,7.1
357,264,9.3
264,255,7.5
164,79,4.3
106,20,6.6
106,119,6.6
190,119,5
307,20,7.1
238,89,7.5
165,119,8.3
225,119,9
225,119,9
242,20,7.8
338,264,9.3
338,119,10
338,20,7.8
338,200,9.3
338,287,7.5
214,20,5
335,287,5
326,20,5.7
337,264,5
244,264,7.1
96,20,9.3
97,200,5
97,264,5
114,20,6.8
359,20,6.8
340,79,4.3
94,362,4.9
279,287,6.8
123,20,5.4
203,399,5
392,287,4.3
246,310,5.8
246,287,5
246,119,5.4
246,287,5
240,310,5.8
240,399,5
343,264,5
97,264,6.8
203,200,4
199,119,6.8
120,119,7.8
344,16,10
344,16,7.8
344,20,7.8
344,22,7.8
344,264,7.8
244,119,6.1
333,79,4.3
213,310,4.3
305,20,5
333,119,5
392,20,5
392,20,5
203,119,4
314,20,7.8
335,20,4.6
75,287,6.3
360,399,5
120,119,7.8
396,79,3.5
396,20,4
315,399,6.8
262,79,4.3
216,119,2.6
124,20,7.8
220,352,6.8
258,79,4.3
377,20,4.3
316,399,7.8
316,20,7.8
316,264,8.3
278,200,4
190,399,5
91,20,7.8
209,94,9
209,94,9
209,399,7.8
209,399,7.8
259,399,7.8
259,399,7.8
259,399,7.8
259,399,7.8
396,352,4.3
213,20,5
265,79,4.3
167,352,6.8
167,79,4.3
335,352,6.8
258,200,5
178,119,6.6
240,20,6.8
335,94,6.5
335,89,7.5
316,264,4.3
289,20,6.8
287,264,5
380,264,6.8
258,255,4.3
198,119,7.8
335,89,6.5
192,79,4.3
97,79,4.3
97,119,7.8
358,79,4.3
377,287,5
333,399,6.8
356,79,4.3
192,352,6.8
279,79,4.3
279,79,4.3
279,79,4.3
279,352,6.8
387,264,4
354,264,5
279,200,4
376,22,7.8
376,287,9
376,287,7.8
346,399,5
199,264,5
358,89,6.5
356,264,5
358,79,4.3
358,79,4.3
101,119,5.4
335,200,4
399,20,10
109,78,9
191,264,5
179,20,5.8
392,264,4
335,352,6.8
335,352,6.8
335,399,7.8
315,255,10
184,255,5
184,22,5
97,119,7.1
335,399,7.8
335,399,7.8
335,399,7.1
335,119,8.5
97,264,4.3
203,119,4.6
278,287,9.3
338,399,4.6
352,20,7.8
231,200,5
203,20,5
192,255,4.3
335,352,6.8
259,287,7.8
403,119,6.3
199,119,7.1
279,20,5
187,352,6.8
199,20,7.1
199,399,7.8
199,362,7.8
199,20,7.8
199,20,7.8
199,20,7.8
199,20,7.8
199,20,7.8
199,20,7.8
199,20,7.1
263,264,4.3
297,79,4.3
261,78,10
261,200,7.8
263,20,5
297,264,5
261,200,7.8
297,310,5
380,20,6.8
355,352,6.8
355,79,4.3
246,20,6.3
198,287,4.3
203,20,5
228,79,4.3
228,79,4.3
228,264,5
203,399,7.8
192,79,4.3
192,79,4.3
186,264,6.6
97,310,7.1
97,20,7.1
97,264,10
97,287,4.3
97,287,10
97,362,7.1
97,119,7.1
97,119,7.8
308,399,6.3
333,89,5.5
403,79,4.3
192,264,5
139,264,6.8
192,20,4.3
192,79,4.3
192,89,6.5
354,20,7.1
199,20,5.7
335,22,4
392,20,6.8
192,78,9
192,287,5
354,20,5
354,20,6
367,22,4
373,255,6.4
279,20,5
167,20,7.8
192,264,5
192,20,6
192,399,6.8
192,79,3.5
97,399,8.5
124,20,7.8
97,399,5.4
124,20,7.8
124,20,7.8
124,20,7.8
199,264,4.3
337,20,4.6
97,119,6.3
168,264,6.4
199,399,7.8
400,22,7.5
335,119,4.3
240,264,6.8
320,255,10
106,119,6.8
97,20,5.4
95,20,5
258,119,5
286,79,4.3
258,119,5
203,119,4.3
246,119,5
97,399,5.4
97,20,7.1
97,20,6.4
246,20,6.1
403,20,6.8
353,264,6.6
199,20,6.8
392,255,4
335,22,6.3
335,20,6.9
260,79,4.3
97,119,6.8
202,399,6.3
83,119,5.4
199,20,4.3
279,264,4
97,20,7.1
403,264,4.3
403,119,5
203,20,5
250,20,5
250,20,4.3
250,20,7.1
202,399,7.1
199,20,6.1
202,20,5.4
97,399,4.3
161,264,5
397,200,5
397,352,6.8
395,79,4.3
395,20,5.8
390,79,4.3
390,79,4.3
390,79,4.3
397,79,4.3
390,264,3.5
397,264,5
397,20,5.8
395,20,5.8
397,200,5
397,20,4.3
390,200,5
397,20,5.8
397,200,5
397,200,4.3
279,79,4.3
246,22,4.6
183,352,6.8
335,200,4
202,287,5.4
202,20,5.4
246,20,4.3
360,89,6.5
335,310,5
275,352,8.3
279,264,10
279,264,9
279,20,10
173,264,4.9
173,79,4.3
91,20,4.3
173,20,4.3
91,20,4.3
173,20,4
335,264,4
354,20,5.4
272,78,10
304,20,7.1
315,94,8.3
318,20,7.1
279,79,4.3
367,399,6.8
192,264,4
213,22,4.3
279,264,6.3
279,79,4.3
125,264,5
228,79,4.3
228,20,5.8
228,264,4
374,79,4.3
377,287,6.8
317,255,6.4
246,264,6.8
246,20,5
279,264,5.5
262,20,9
191,79,4.3
192,79,4.3
392,264,4.9
177,255,10
244,20,4.6
149,264,5
335,264,6
161,255,5
404,399,7.8
403,362,10
403,399,7.1
403,399,7.1
403,399,7.8
403,399,7.8
390,200,5
327,255,9.3
186,362,7.1
207,20,7.1
207,264,7.8
207,20,7.1
361,264,10
335,287,5
335,79,4.3
335,20,4
335,287,5
335,89,7.5
335,89,7.5
335,89,7.5
335,89,7.5
339,20,6.8
335,264,5
335,287,5
335,287,5
335,89,7.5
335,79,4.3
335,352,6.8
351,287,4.3
97,287,4.3
97,287,4.3
335,352,6.8
335,310,6.2
335,20,6.2
335,287,5
343,352,6.8
343,200,4
335,20,6.8
343,264,4
198,20,6.8
333,79,4.3
199,20,7.8
199,20,7.1
199,20,7.8
199,20,7.8
199,20,7.1
199,20,7.8
199,20,7.8
182,79,4.3
182,352,6.8
182,20,4.3
182,20,4.3
266,79,4.3
167,264,8.5
97,79,4.3
190,20,5
190,20,5
144,399,7.1
367,79,4.3
97,264,8.5
97,20,8.5
97,287,5
97,20,7.1
199,399,6.1
388,119,7.8
388,119,9.3
388,119,9.3
388,119,9.3
388,119,9.3
386,20,4.3
285,20,4.3
250,119,4
203,20,6.1
367,22,4
97,20,4
97,399,5
162,20,5
315,20,7.1
315,20,7.1
315,20,7.8
315,20,7.8
315,20,7.8
315,20,7.8
316,20,7.8
316,20,7.8
316,20,7.8
316,20,7.8
316,20,7.8
316,20,7.8
316,119,7.6
316,20,9
316,94,9
316,119,10
316,119,6.6
316,264,7.2
316,20,7.8
127,399,7.1
341,20,4
97,287,6.8
97,20,6.1
124,20,6.3
335,20,5
335,200,4
392,352,6.8
130,352,6.8
130,79,4.3
364,79,4.3
364,20,4.3
364,20,6.8
167,20,4.3
399,94,9.3
331,264,9
332,255,10
389,200,5
246,264,7.1
146,119,7.6
199,20,4.3
199,20,5.4
97,20,6.3
285,79,4.3
285,79,4.3
285,352,6.8
328,20,5
202,20,6.8
203,20,5
203,20,5
322,20,6
199,20,6.1
315,310,4.3
192,89,6.5
192,399,4
333,287,4
333,264,5
333,264,5
333,264,4
333,264,5
333,264,4
333,20,5.8
124,20,6.1
399,20,5
392,264,5
335,89,4
167,79,4.3
202,264,4.8
403,20,5.7
335,20,5.5
392,264,4
246,287,4.8
392,200,4
161,264,4
161,255,4
199,20,6.8
331,264,7.5
392,200,5
392,310,5.8
392,200,4
392,200,5
392,352,6.8
181,20,10
126,20,6.4
199,264,5
390,20,4.3
390,119,5.1
299,287,6.9
299,79,4.3
335,79,4.3
335,20,4
335,22,5.5
335,20,4
335,22,6.8
126,20,5.7
126,20,6.1
341,22,4
313,79,4.3
344,79,4.3
285,89,6.5
199,20,7.8
360,400,5
261,79,4.3
245,264,5
125,20,4.3
367,264,9
126,20,4.6
367,89,6.5
333,20,6.8
335,20,8.5
333,89,6.5
393,22,4
243,200,5
203,20,4.3
324,79,4.3
324,264,5
324,20,6.3
74,399,5.4
195,20,5
161,20,4
161,264,4
161,200,5
161,20,4.3
203,399,7.1
199,20,7.8
202,119,7.8
202,119,7.8
199,78,7.8
199,78,7.8
199,399,7.8
199,78,7.8
199,119,7.1
315,399,7.8
335,79,3.5
149,79,4.3
203,20,5
203,20,4
203,20,5
239,20,6.1
334,399,5
118,89,7.8
118,399,7.8
118,399,7.8
118,362,7.8
118,399,7.8
118,399,7.8
118,399,7.8
97,20,6.8
97,20,6.8
97,20,8.3
97,20,4.3
97,16,5
126,264,7.5
97,200,5
97,94,5.5
392,200,4
198,287,5
202,310,5
202,310,4.3
150,310,5.4
